id,domain,status,purchase_price,renewal_price,attractiveness,demand,length,registrar,created_at,expires_at,status_verified_at
ff2c3ef9-2eab-4ba6-b06c-acc4c13a0198,uncoated.ink,available,2.98,43.98,medium,low,8,namecheap,,,12/09/2026 05:35
33fb8a34-b9ca-4298-b47c-ef52573152d1,dickens.ink,available,1.75,26.08,high,low,7,spaceship,,,29/09/2026 08:15
794b598b-5eb0-4d8c-97ab-19f5fe0cc575,villainous.ink,available,2.98,43.98,medium,low,10,namecheap,,,03/09/2026 14:59
61ced9d4-0e17-469a-8156-78515677317d,graduate.ink,available,2.98,43.98,high,low,8,namecheap,,,20/08/2026 17:51
227227cd-3d1c-405a-82ad-e0c60f59cc51,waterford.ink,available,2.98,43.98,high,low,9,namecheap,,,27/09/2026 16:17
90ddd7fe-d1da-449c-bbb7-3d47a0795325,motivating.ink,available,2.98,43.98,high,low,10,namecheap,,,25/08/2026 07:36
4fae41fd-ab6e-4e7c-98de-57fb036941e2,luxury.ink,premium,110,110,high,low,6,dynadot,,,30/09/2026 02:20
70dbcf80-7922-4419-bd08-cb3778f44025,hypertonic.ink,available,2.98,43.98,medium,low,10,namecheap,,,21/08/2026 16:56
ee210ef4-b321-4580-b1ba-171bf5851acb,carmen.ink,available,2.98,43.98,high,low,6,namecheap,,,27/09/2026 01:37
53c15404-a14e-4634-b620-45836f7500f6,strasbourg.ink,available,2.99,32.49,medium,low,10,namesilo,,,27/09/2026 15:59
33c828bc-2494-47f5-a9ec-239d153315ab,smirks.ink,available,2.99,32.49,low,low,6,namesilo,,,20/09/2026 14:28
1c432261-2c69-43dc-821d-c89dac300417,leased.ink,available,2.98,43.98,medium,low,6,namecheap,,,12/08/2026 02:50
2f4679f6-d854-4cf0-ac0c-6fbc449ac044,mock.ink,available,2.98,43.98,high,low,4,namecheap,,,25/08/2026 02:24
79a6d901-07f3-421c-8687-3a523c909ef3,inflict.ink,available,2.99,32.49,high,low,7,namesilo,,,30/09/2026 03:14
f61f4129-b4fa-4878-8589-984ac6178a83,wanted.ink,available,2.99,32.49,high,low,6,namesilo,,,23/09/2026 14:03
79580f9e-546f-4dcf-af65-bfa2b9c2ec48,enjoying.ink,available,2.98,43.98,medium,low,8,namecheap,,,25/09/2026 21:02
fb97e7f3-7676-40da-8fed-182db6082299,patients.ink,available,2.98,43.98,high,low,8,namecheap,,,25/09/2026 21:13
6cb1b465-28b7-4cb1-bf59-0347f8889ac3,alarms.ink,available,25.2,25.2,medium,low,6,cloudflare,,,30/09/2026 07:16
572a1fbc-99b8-4de4-8f50-d63b1c65b68b,socialism.ink,available,2.06,26.26,high,low,9,porkbun,,,29/09/2026 20:26
56c6591c-7892-4b4c-8455-2a62778780bd,heartsick.ink,available,2.98,43.98,medium,low,9,namecheap,,,11/08/2026 05:30
60670320-4818-4f40-bdf0-3254f7605186,teaches.ink,available,2.98,43.98,medium,low,7,namecheap,,,28/09/2026 08:58
a6ff7f6a-e689-476c-8eb4-12ab263f3652,drily.ink,available,2.98,43.98,medium,low,5,namecheap,,,14/09/2026 14:23
c6bb7a97-c9e2-4311-b23b-5190a98567a3,terminate.ink,available,2.99,32.49,medium,low,9,namesilo,,,28/09/2026 14:01
d2cc5c6b-48a0-41fb-a123-b93af8ca071b,strife.ink,available,2.99,32.49,high,low,6,namesilo,,,24/09/2026 22:33
d2b2ed1a-2682-420e-8291-eb2ca89159c9,thrashing.ink,available,2.98,43.98,medium,low,9,namecheap,,,13/09/2026 07:54
bb22102e-41c1-4cec-8169-2d39bbfedef6,elmira.ink,available,1.75,26.08,medium,low,6,spaceship,,,28/09/2026 16:42
54e1b0d5-e7db-424f-8899-cba973be91e5,liter.ink,available,2.98,43.98,high,medium,5,namecheap,,,22/08/2026 17:07
d320fbcd-9be2-426a-b598-1dffbfbcb461,plaguy.ink,available,2.98,43.98,medium,low,6,namecheap,,,
ff4ad0ee-1dd4-478c-ae7b-c10efcb0222f,managing.ink,available,2.06,26.26,high,low,8,porkbun,,,01/10/2026 22:31
908c8fbc-e7ef-4edf-a333-d4e72d09dafb,gymnastic.ink,available,2.98,43.98,high,low,9,namecheap,,,
7492355b-0e2e-4300-b8f0-479d158a35e0,edmond.ink,available,2.99,32.49,medium,low,6,namesilo,,,27/09/2026 01:39
b36eb260-73f0-49fd-8cfe-c7db4441090c,accordion.ink,available,2.99,32.49,high,low,9,namesilo,,,16/09/2026 23:02
42625a3d-cd7f-4685-aa33-47b3a136c9cf,scorching.ink,available,2.98,43.98,medium,low,9,namecheap,,,09/09/2026 23:31
42642878-7735-49f4-93b0-9b6d65f7782e,deathly.ink,available,2.99,65.99,medium,low,7,name.com,,,13/08/2026 19:31
6d22139c-1841-4025-8778-32626aa09cbb,laid.ink,available,2.99,32.49,high,low,4,namesilo,,,25/09/2026 13:04
9b2aad18-f474-4ed2-9684-3148eb2d240b,footed.ink,available,2.98,43.98,medium,low,6,namecheap,,,18/08/2026 10:43
6ee9a9a3-6a90-44bb-9833-bbc70fdc8147,adventurer.ink,available,2.99,32.49,high,low,10,namesilo,,,17/09/2026 10:41
2b6f0157-55dc-4f30-9466-126928ad25c9,townshend.ink,available,1.75,26.08,medium,low,9,spaceship,,,29/09/2026 04:20
e5b3e555-b876-4487-8f51-538c3d62bac5,sears.ink,available,2.98,43.98,high,low,5,namecheap,,,29/09/2026 04:28
9131178c-4583-458c-b85a-d0a2c7b0e5cf,unstylish.ink,available,2.98,43.98,medium,low,9,namecheap,,,10/09/2026 23:17
02dae917-b066-42b9-84be-1eee9dc94280,nero.ink,premium,224,224,high,low,4,namesilo,,,25/09/2026 23:29
5f1e77d9-2a63-47a7-aed6-40f7e90adc0b,flips.ink,available,2.98,43.98,medium,low,5,namecheap,,,19/09/2026 20:33
e6719444-5bef-4d90-b6ec-4e9186b2a29e,presiding.ink,available,1.75,26.08,medium,low,9,spaceship,,,29/09/2026 16:06
afc47cac-8a5e-4300-aecb-ec8d193b87c1,hammers.ink,available,2.99,32.49,medium,low,7,namesilo,,,01/10/2026 08:09
5fae0993-653a-45c3-a7b6-58d72171d004,antedon.ink,available,2.99,32.49,medium,low,7,namesilo,,,19/09/2026 12:48
c8299b93-1492-420a-8448-e584cbb8e7ba,arras.ink,available,2.98,43.98,medium,low,5,namecheap,,,20/09/2026 08:49
948f6dfa-d0c7-46d2-aca7-398804ef9e58,continuo.ink,available,2.99,32.49,medium,low,8,namesilo,,,22/09/2026 12:27
49e0d598-f6dd-4ce1-b80b-20b05ee1cd18,multiplier.ink,available,1.75,26.08,high,low,10,spaceship,,,28/09/2026 14:56
e676d719-45d4-4f6c-a282-251f454b0bdf,choose.ink,available,2.06,26.26,high,low,6,porkbun,,,27/09/2026 19:41
813f14ec-fcaa-4be9-a671-fbac3aeb8a45,fusty.ink,available,2.98,43.98,low,low,5,namecheap,,,18/08/2026 16:42
42f9df46-46f8-4750-b636-d488a9446b38,etiologic.ink,available,2.98,43.98,medium,low,9,namecheap,,,
3bf7e838-1fc6-4d2a-a870-b5b7354dc313,baykal.ink,available,2.98,43.98,medium,low,6,namecheap,,,21/09/2026 18:56
352491f9-1297-4b51-af6a-027b43be14a8,peeling.ink,available,2.98,43.98,high,low,7,namecheap,,,02/10/2026 04:35
0437c412-e1e2-4549-b9e3-77025b2ea628,aquila.ink,available,2.99,32.49,medium,low,6,namesilo,,,19/09/2026 23:12
4fb259db-e8e4-419e-887e-7241744bb0ae,dutiful.ink,available,2.98,43.98,medium,low,7,namecheap,,,14/08/2026 21:39
02783b71-382e-46b7-adcc-6f64be0433e5,greet.ink,available,1.75,26.08,high,low,5,spaceship,,,30/09/2026 20:06
6e8b73b8-09d8-4cae-a853-19022e749b44,finicky.ink,available,2.98,43.98,medium,low,7,namecheap,,,18/08/2026 04:58
8e6136f3-6858-4086-930f-c6e0cd05e804,junket.ink,available,2.98,43.98,high,low,6,namecheap,,,22/09/2026 03:02
4cd95298-0939-4c02-8cdf-955500b212e5,neoclassic.ink,available,2.98,43.98,high,low,10,namecheap,,,03/09/2026 15:21
6b636db0-3230-4267-bd07-f76968143be0,shoat.ink,available,2.98,43.98,high,medium,5,namecheap,,,08/09/2026 19:35
5043b6da-78c7-4efe-b95b-72f5ee818583,escapes.ink,available,1.75,26.08,medium,low,7,spaceship,,,29/09/2026 05:18
2748ec29-e8bf-4ff3-8266-547ad6e812ab,stated.ink,available,2.98,43.98,high,low,6,namecheap,,,10/09/2026 19:08
563cd826-d776-4235-bfae-f0be9a581a3b,rams.ink,available,2.06,26.26,high,low,4,porkbun,,,30/09/2026 20:33
931bb06f-00f6-41eb-9a4c-205e4c9b5df5,serrate.ink,available,2.98,43.98,medium,low,7,namecheap,,,03/09/2026 22:06
ad1fbf71-2669-4c35-ab85-87ccfa9a4aa2,ambled.ink,available,2.99,32.49,medium,low,6,namesilo,,,20/09/2026 05:58
1daf036e-0009-4f1f-814d-96820134bc27,lavatory.ink,available,2.98,43.98,high,low,8,namecheap,,,09/09/2026 02:14
dc4362df-6d47-481c-bb08-d0389b3128a1,blat.ink,available,2.98,43.98,medium,low,4,namecheap,,,10/08/2026 13:38
46f08865-7293-4aed-82f3-260aed0a22c4,pth.ink,premium,103.7,103.7,high,low,3,spaceship,,,01/10/2026 06:57
bf1c774d-51eb-4786-b474-c085e80d7dcf,aerobic.ink,available,2.98,43.98,high,low,7,namecheap,,,21/09/2026 21:01
c87de888-8d64-4dd9-a5c1-086135d83040,relinquish.ink,available,1.75,26.08,high,low,10,spaceship,,,01/10/2026 21:29
ee79ef2c-289f-4fe8-b0d2-308730415c25,exocentric.ink,available,2.98,43.98,medium,low,10,namecheap,,,17/08/2026 17:21
6ba044b6-2046-47b2-a668-2f99dbc09889,detoxify.ink,available,2.98,43.98,high,low,8,namecheap,,,29/09/2026 14:25
01645969-a2aa-4123-9ba6-7275fc260e34,bale.ink,available,2.99,32.49,medium,low,4,namesilo,,,21/09/2026 21:49
9e739fe0-ff61-42e3-86e9-7121818e2568,jeb.ink,premium,116,116,high,low,3,namesilo,,,02/10/2026 00:04
3eccb4d9-6e3a-4936-861d-981733ced716,contains.ink,available,2.99,32.49,medium,low,8,namesilo,,,18/09/2026 15:08
7bec7055-293b-41ed-8bf8-4d0a378ab28b,trebuchet.ink,available,2.99,32.49,medium,low,9,namesilo,,,20/09/2026 00:39
f8bec837-e995-440f-bd0f-4b9d15baaa51,unassisted.ink,available,2.98,43.98,high,medium,10,namecheap,,,10/09/2026 08:26
d375bd4c-296c-45ea-aaad-57cb6e51fb7e,goony.ink,available,2.99,32.49,medium,low,5,namesilo,,,23/09/2026 23:48
466310d8-d9cd-4021-a89e-8811f05d674c,activator.ink,available,2.98,43.98,high,low,9,namecheap,,,17/09/2026 05:10
fdb3615b-c4e7-43ef-949e-33a93b74987e,tajik.ink,available,2.99,32.49,high,low,5,namesilo,,,01/10/2026 03:29
65e9e9b7-2c1c-40ed-8a3a-a087839a9f71,dickensian.ink,available,2.98,43.98,medium,low,10,namecheap,,,14/08/2026 06:25
50d718a4-f424-4060-a06d-87ca7116987a,lucidly.ink,available,2.98,43.98,medium,low,7,namecheap,,,15/09/2026 12:12
9cb08116-0886-4e4e-9f62-fd5c2d5217f5,semisolid.ink,available,2.98,43.98,medium,low,9,namecheap,,,10/09/2026 03:26
6ac60e01-69bc-4e84-b005-c0ab9c88343a,oleaceous.ink,available,2.98,43.98,medium,low,9,namecheap,,,04/09/2026 02:06
cfda17e5-16cd-4bf8-a08e-5d2c620a8623,unchecked.ink,available,2.98,43.98,medium,low,9,namecheap,,,12/09/2026 04:32
221a4656-a8dd-4389-8598-0f3e885205c2,crackling.ink,available,2.98,43.98,high,low,9,namecheap,,,13/08/2026 04:27
ede241e2-ad2c-4338-af02-cfde8879c390,priestly.ink,available,2.98,43.98,medium,low,8,namecheap,,,21/08/2026 08:22
5c818522-d47f-44f9-9672-27393263f96f,offered.ink,available,2.99,,medium,low,7,name.com,,,
7dd82452-546b-4603-8d84-e48cb7e5d440,azonal.ink,available,2.98,43.98,medium,low,6,namecheap,,,08/08/2026 02:27
c7656c39-8e0e-4aef-8d1c-104e2d9b373d,baillie.ink,available,25.2,25.2,medium,low,7,cloudflare,,,30/09/2026 20:10
5707ef5e-04c6-47be-837b-f397b2f798b6,revolutions.ink,available,2.98,43.98,medium,low,11,namecheap,,,20/09/2026 15:34
6e24f580-b0c4-4c17-9736-2a358693d36f,susie.ink,available,2.06,26.26,medium,low,5,porkbun,,,28/09/2026 16:25
f8f884e9-59ed-4374-9de1-07a70029f16c,anglophile.ink,available,2.99,32.49,medium,low,10,namesilo,,,19/09/2026 06:52
69170169-2b8c-459d-bda2-6df544a45690,tokugawa.ink,available,2.99,32.49,low,low,8,namesilo,,,28/09/2026 09:08
d97d2632-188f-4079-a966-425513bd7671,afield.ink,available,2.98,43.98,medium,low,6,namecheap,,,13/09/2026 17:59
aaa94440-b257-445d-8235-81bdae262c6c,carousing.ink,available,2.98,43.98,medium,low,9,namecheap,,,08/08/2026 04:24
bc93e849-3aa9-4db7-bc75-7d43edf3cfbf,pretzel.ink,available,2.99,32.49,high,low,7,namesilo,,,30/09/2026 07:15
ac06a2ce-15f1-4b22-8f59-ebc440be8ea8,millstone.ink,available,2.99,32.49,medium,low,9,namesilo,,,18/09/2026 02:29
e5516ecc-5328-456f-9309-3e1b1f96767c,picket.ink,available,2.98,43.98,high,low,6,namecheap,,,04/09/2026 23:25
a79b5b16-0afc-4aaa-98df-2810512ce2db,behavior.ink,available,2.99,32.49,high,low,8,namesilo,,,23/09/2026 03:06
81e705b0-9c50-419d-96a1-22d4bf224390,patristic.ink,available,2.98,43.98,medium,low,9,namecheap,,,08/09/2026 10:38
a4761e05-49c3-4297-b5b7-8a0f234d06c3,punished.ink,available,2.98,43.98,high,medium,8,namecheap,,,09/09/2026 06:01
397a4a11-a4d5-4bb5-994d-8bcac206cf5d,azure.ink,premium,162.5,325,high,high,5,namecheap,,,08/08/2026 03:08
28c0628d-5778-4b18-ad42-980d2ce0b33e,tactless.ink,available,2.98,43.98,medium,low,8,namecheap,,,11/09/2026 07:02
fef5c2f8-95a5-4774-932a-99a936bfd9bd,capitular.ink,available,2.98,43.98,medium,low,9,namecheap,,,11/08/2026 17:58
562aab12-e310-4736-9190-03b47baa3e70,shouldered.ink,available,2.98,43.98,high,medium,10,namecheap,,,10/09/2026 06:51
af638f82-26d1-4766-894b-903817d4738c,kissinger.ink,available,1.75,26.08,medium,low,9,spaceship,,,28/09/2026 10:01
65e5dc51-ab1f-489e-acf0-b1c228285c9b,goshawk.ink,available,2.99,32.49,medium,low,7,namesilo,,,16/09/2026 22:31
ae083617-0593-4f8b-8864-b5563fd9b9ed,berne.ink,available,2.99,32.49,medium,low,5,namesilo,,,23/09/2026 09:45
9371b25b-ff1f-4d44-9056-2ba3ae6111ae,courteous.ink,available,2.99,32.49,high,low,9,namesilo,,,24/09/2026 00:40
c2f45b0c-4d1f-4547-a4d0-3531486ac6d4,locals.ink,available,2.98,43.98,medium,low,6,namecheap,,,28/09/2026 13:28
eb798009-76d2-4b61-9764-554b9a1d4719,binturong.ink,available,2.99,32.49,medium,low,9,namesilo,,,20/09/2026 02:47
11f3989c-d494-41de-b55b-c5ef923f60f9,astutely.ink,available,2.98,43.98,medium,low,8,namecheap,,,13/09/2026 22:20
2a3342bd-e427-42ee-9a2a-0cf8f48ea2ee,branched.ink,available,2.98,43.98,high,low,8,namecheap,,,09/08/2026 20:12
623de62e-8251-48b2-9a28-54f177f79161,backhoe.ink,available,2.99,32.49,medium,low,7,namesilo,,,21/09/2026 15:37
846da980-dcf6-4d91-9f8f-9d4f0d7d8fca,scranton.ink,available,2.99,32.49,medium,low,8,namesilo,,,26/09/2026 00:14
b3a20e34-0a87-4e59-9081-75e6cc6fce75,unrepaired.ink,available,2.98,43.98,medium,low,10,namecheap,,,12/09/2026 18:17
4bfd3da2-dbcb-4044-b824-6317159a4ceb,meadows.ink,available,1.75,26.08,medium,low,7,spaceship,,,29/09/2026 11:15
285ce7e6-7233-4d72-aec8-5fd5a0feff56,apiece.ink,available,2.98,43.98,medium,low,6,namecheap,,,14/08/2026 22:12
c8df8796-1f15-4dbe-8712-7e22dfecec9d,ecm.ink,available,1.75,26.08,high,low,3,spaceship,,,29/09/2026 06:42
cfa01741-279c-409a-bb59-f4e35bd11cb4,billhook.ink,available,2.99,32.49,medium,low,8,namesilo,,,23/09/2026 16:21
56683246-6c32-4c39-abf7-6a3565fe2019,nigh.ink,resell,,,medium,low,4,"GoDaddy.com, LLC",21/08/2025 07:40,21/08/2027 07:40,26/09/2026 07:47
b2ff7d8e-37c6-4328-be47-90d0a70eec56,acinonyx.ink,available,2.99,65.99,medium,low,8,name.com,,,17/09/2026 01:31
d6cf38d0-609e-473e-b318-ff156d0e1f42,unbending.ink,available,2.98,43.98,medium,low,9,namecheap,,,12/09/2026 01:48
bac48626-34c0-431d-b8be-1bd4e7398b8f,absentee.ink,available,2.99,32.49,medium,low,8,namesilo,,,16/09/2026 17:43
eac993a7-a9c6-404b-a785-ee7e90b0028d,stoical.ink,available,2.98,43.98,medium,low,7,namecheap,,,10/09/2026 20:59
c0d4e74c-c1f2-45c5-a54c-40d2c20dc515,concealing.ink,available,2.98,43.98,high,low,10,namecheap,,,12/08/2026 19:52
22322895-2d7c-407b-8b00-65fcb1913f22,respectful.ink,available,2.99,32.49,high,low,10,namesilo,,,27/09/2026 12:44
e4d5964b-332b-4bad-92a5-f03cd9eb06b6,retrieved.ink,available,2.99,,medium,low,9,name.com,,,
99e7a2e7-3427-4c98-bac6-768e5e259047,backwards.ink,available,2.99,32.49,high,low,9,namesilo,,,22/09/2026 15:55
83221d5d-d545-4ff7-9bdf-dc2c444c2d9a,episodic.ink,available,2.98,43.98,medium,low,8,namecheap,,,17/08/2026 11:11
41ee70c3-4bfc-4f65-8612-71eb21e2ed2d,krupp.ink,available,2.99,32.49,medium,low,5,namesilo,,,18/09/2026 06:37
72f3426e-ad1d-4285-8b8e-c25fc43891d8,culprit.ink,available,1.75,26.08,medium,low,7,spaceship,,,01/10/2026 01:38
4f4afc22-8988-4acf-b163-cc66c03129ad,paddy.ink,available,2.98,43.98,high,low,5,namecheap,,,01/10/2026 20:32
45419fe9-a1cb-4df0-b6c6-97c8adbba474,armoire.ink,available,2.99,32.49,medium,low,7,namesilo,,,20/09/2026 07:20
368f5828-b88b-4a65-8972-39c5f1ad97c0,toward.ink,available,2.99,32.49,high,low,6,namesilo,,,01/10/2026 02:02
a9885062-f427-46b8-8079-3e3a7366edbc,berretta.ink,available,2.99,32.49,low,low,8,namesilo,,,23/09/2026 10:07
6314e9ec-ed2b-4b04-b2db-26fb6ad39c37,ailment.ink,available,2.98,43.98,medium,low,7,namecheap,,,21/08/2026 18:47
7c3ff7a8-c02f-4842-9f0a-df89ba3101a0,koh.ink,premium,,,medium,low,3,,,,29/09/2026 04:20
9c6362d0-76e7-42c3-a8ff-8c9e4abfa213,turks.ink,available,2.99,32.49,medium,low,5,namesilo,,,29/09/2026 16:41
f540bbca-5218-4ac2-a48a-fe7f75c7d9ed,unstated.ink,available,2.98,43.98,medium,low,8,namecheap,,,12/09/2026 09:45
0722b31e-85c6-403d-9f92-8992f76e87a2,teeming.ink,available,2.98,43.98,medium,low,7,namecheap,,,11/09/2026 10:05
169cab18-07d2-461c-8fb1-4ca51de762dc,woodland.ink,available,1.75,26.08,high,low,8,spaceship,,,29/09/2026 20:30
e07fb3be-1a90-40ae-bc6d-b04774f536fd,chiseled.ink,available,2.98,43.98,high,low,8,namecheap,,,12/08/2026 06:05
ea641aa5-f693-4966-aeb8-f2a62d67a4f2,task.ink,resell,,,high,low,4,"GoDaddy.com, LLC",15/03/2023 17:16,15/03/2027 17:16,02/10/2026 03:42
4b19d68b-98c7-4500-a2d2-64e7576f381f,bemused.ink,available,2.98,43.98,medium,low,7,namecheap,,,07/08/2026 11:47
990ff737-2bbd-45a9-91d5-3860c25164f4,strapping.ink,available,2.98,43.98,medium,low,9,namecheap,,,09/08/2026 08:02
5c0f1aed-78b5-40b0-9cff-a18b89998aaa,adobo.ink,available,2.99,32.49,medium,low,5,namesilo,,,17/09/2026 09:29
2ea52ecc-e93e-4c5d-9ec5-b7d340f61f6f,origins.ink,available,2.98,43.98,medium,low,7,namecheap,,,16/09/2026 10:13
81e0bec7-1a82-4903-b1cf-41362d53ed52,ltte.ink,available,1.75,26.08,medium,low,4,spaceship,,,01/10/2026 20:19
67410440-4ad5-468c-9d56-b538ebefe7ac,tit.ink,available,2.98,43.98,high,low,3,namecheap,,,29/09/2026 19:36
b3eb875c-d673-456c-ac35-11811a439651,suspicion.ink,available,2.99,32.49,high,low,9,namesilo,,,24/09/2026 23:14
02d6121d-835c-4d1a-9acc-c32e256851f3,octavius.ink,available,1.75,26.08,high,low,8,spaceship,,,02/10/2026 00:25
82587e0f-e0b7-4b79-acaf-7650563dc96a,barterer.ink,available,2.99,32.49,medium,low,8,namesilo,,,22/09/2026 08:58
d79ec435-9d01-4b76-8445-bd78389229cc,anasazi.ink,available,2.99,32.49,medium,low,7,namesilo,,,19/09/2026 03:16
fe0a6453-997b-4722-96ba-f5d7d745d375,revision.ink,available,25.2,25.2,high,low,8,cloudflare,,,29/09/2026 20:11
623fbddd-891b-419e-91c9-5257bc521b2f,gusty.ink,available,2.98,43.98,medium,low,5,namecheap,,,20/08/2026 21:10
e4abf26c-a5a8-44f9-aa30-9e8759b889b7,shredded.ink,available,2.98,43.98,medium,low,8,namecheap,,,12/08/2026 06:59
73bb080f-c779-4bea-a95c-6c4d096ced88,gentry.ink,available,25.2,25.2,high,low,6,cloudflare,,,01/10/2026 19:44
694f50a9-94f1-4b8f-9bf9-ba4671b32264,evaluated.ink,available,2,26.97,medium,low,9,dynadot,,,01/10/2026 16:32
19fc4fec-3a7b-4ffb-9d9d-deb084be593b,concordia.ink,available,2.06,26.26,high,low,9,porkbun,,,27/09/2026 20:47
56530644-7073-47ad-9652-3ceee24865b1,mcgraw.ink,available,1.75,26.08,medium,low,6,spaceship,,,28/09/2026 06:05
3c27c64c-36b0-4212-ba8d-b199f3adf0cb,polemist.ink,available,2.98,43.98,medium,low,8,namecheap,,,08/09/2026 22:57
1b167ce2-3c4c-4514-8d11-fc4a27d83fb3,motorist.ink,available,2.99,32.49,high,low,8,namesilo,,,21/09/2026 07:26
e4fbe6bd-7309-43ec-85c7-1df3860bb462,miry.ink,available,2.98,43.98,medium,low,4,namecheap,,,10/08/2026 17:05
be8ef143-1ee9-4449-9e83-b553116a15ee,reentrant.ink,available,2.98,43.98,medium,low,10,namecheap,,,09/09/2026 10:51
e8fde5db-317a-4ece-8e52-19c971dacb34,rosacea.ink,available,2.99,32.49,medium,low,7,namesilo,,,17/09/2026 01:59
26646602-e75e-426b-bffe-c6c0b498e805,issuers.ink,available,25.2,25.2,medium,low,7,cloudflare,,,30/09/2026 07:32
b14dc328-734f-48b8-bbf0-95e68c9eace6,dwindling.ink,available,2.98,43.98,medium,low,9,namecheap,,,14/08/2026 21:48
0436d23b-0d3b-4bab-ba98-27856df91534,hendrix.ink,available,1.75,26.08,high,low,7,spaceship,,,28/09/2026 05:59
7e613395-2307-40f3-ac63-2c054e1d61e6,character.ink,resell,,,high,low,9,Dynadot Inc,20/01/2026 17:55,20/01/2027 17:55,26/09/2026 04:52
2c3f1372-89d0-4931-9d0d-3b923cce006e,heightened.ink,available,2.06,26.26,high,low,10,porkbun,,,29/09/2026 21:14
c5dda694-dab0-4591-a804-0be861de8b26,exhibits.ink,available,2.98,43.98,medium,low,8,namecheap,,,30/09/2026 00:23
b8ff7984-c108-4f5e-a613-9fc662dea196,blackish.ink,available,2.98,43.98,medium,low,8,namecheap,,,10/08/2026 12:03
04beddf7-dbc8-45fd-86b6-5378e9036201,acoustic.ink,available,2.98,43.98,high,low,8,namecheap,,,
77f400af-cff9-45bb-a606-b78bf285cfcc,commandery.ink,available,2.99,32.49,medium,low,10,namesilo,,,29/09/2026 00:27
b88173e8-d40b-45ba-a040-3159df7bf7cd,cooking.ink,resell,,,high,low,7,"Spaceship, Inc.",27/08/2026 00:02,27/08/2027 00:02,01/10/2026 16:09
aa4b6b4f-5934-4247-a33a-da3e7f2e90bc,simpleness.ink,available,2.99,32.49,medium,low,10,namesilo,,,24/09/2026 13:51
943a3d12-630d-4544-ae06-b7bebf49eb11,warhead.ink,available,1.75,26.08,medium,low,7,spaceship,,,30/09/2026 18:18
f0b401a3-2c8b-46c8-a9a0-de6691e0b0db,variables.ink,available,2.99,,medium,low,9,name.com,,,
64dd4485-41ed-418a-bf35-dc64b261b431,chard.ink,available,2.99,32.49,medium,low,5,namesilo,,,23/09/2026 10:59
6213cba4-117e-42a0-9a93-324fd7276694,algometer.ink,available,2.99,32.49,medium,low,9,namesilo,,,18/09/2026 07:11
b5e2eee4-db43-4069-8daf-89f22100300e,thwart.ink,available,2.98,43.98,medium,low,6,namecheap,,,09/09/2026 08:15
754d54d5-9b1c-45b9-a60c-de20356bed9a,beholding.ink,available,2.98,43.98,medium,low,9,namecheap,,,10/09/2026 01:47
f28998a6-e30c-4f17-81a3-d537fc48d447,acoustical.ink,available,2.98,43.98,medium,low,10,namecheap,,,
2cc648b5-382f-4633-b7e6-c7045f1acfaf,becalmed.ink,available,2.98,43.98,medium,low,8,namecheap,,,09/08/2026 06:03
100a454b-7746-44e3-8523-3eea8cca4298,unshakable.ink,available,2.99,65.99,high,low,10,name.com,,,23/09/2026 10:41
0fa6ab18-79af-4b81-bba5-f9a21e624be3,sava.ink,resell,,,high,low,4,,,,30/09/2026 05:14
340afff5-a553-4d1a-b211-67c0663595f5,anemometer.ink,available,2.99,32.49,medium,low,10,namesilo,,,19/09/2026 05:15
a7403a99-8016-42ce-9833-5ff33bc0c62b,littler.ink,available,2.98,43.98,medium,low,7,namecheap,,,24/08/2026 07:33
50a8df66-d44d-4098-8ff5-eabf90fbb9d8,condolence.ink,available,1.75,26.08,medium,low,10,spaceship,,,29/09/2026 10:42
038d46f1-aed1-4a27-bffc-b52d9518be7c,mep.ink,premium,116,116,high,low,3,namesilo,,,30/09/2026 11:32
d8f3f5f1-daa5-4dfb-a80c-547b7cbb7a99,indexical.ink,available,2.98,43.98,medium,low,9,namecheap,,,22/08/2026 02:53
f416f9b7-1688-457e-b299-f20816364fb6,analecta.ink,available,2.99,32.49,medium,low,8,namesilo,,,19/09/2026 01:47
f055ae9a-2bc5-4d3d-9af8-6d9bad365115,bends.ink,available,2.99,32.49,high,low,5,namesilo,,,23/09/2026 07:50
25b70730-4d77-4911-ad4e-69a698729bc4,vince.ink,premium,116,116,high,low,5,namesilo,,,27/09/2026 07:24
e575c952-6a88-4954-afef-87b912f5bf69,metier.ink,available,2.98,43.98,high,low,6,namecheap,,,18/08/2026 12:29
b71ba80a-cf89-4270-920a-616b6ca3108d,fiberoptic.ink,available,2.98,43.98,medium,low,10,namecheap,,,18/08/2026 03:12
47669b2f-892d-4a82-b764-9c2ac6d4aee9,brockhouse.ink,available,2.99,32.49,medium,low,10,namesilo,,,23/09/2026 10:18
e376c711-990c-419f-add8-d2ee40ebdaff,centennial.ink,available,2.98,43.98,medium,low,10,namecheap,,,11/08/2026 23:53
fae63527-47b7-46d5-95bf-79e503cfde45,spiritous.ink,available,2.98,43.98,medium,low,9,namecheap,,,10/09/2026 16:00
19165804-b3c9-4ab4-8ac1-a8e0b6c86244,arapahoe.ink,available,2.99,32.49,medium,low,8,namesilo,,,20/09/2026 00:11
365aa90f-f5ad-4f14-81b8-6aa429c48a78,castaway.ink,available,2.98,43.98,high,low,8,namecheap,,,04/09/2026 19:05
148b9dfc-474f-4278-89a2-5460fb3dcdd8,overhang.ink,available,2.98,43.98,medium,low,8,namecheap,,,09/08/2026 08:28
e78c4beb-6d06-4bdf-bac0-46c733e4d381,lego.ink,resell,,,high,high,4,,,,30/09/2026 02:46
28d3e305-dcf5-48f7-8d51-211a2bc5fb85,newman.ink,available,2.99,32.49,high,low,6,namesilo,,,25/09/2026 03:58
dea26c41-412c-43f3-97cb-1a675641a86a,watching.ink,available,1.75,26.08,high,low,8,spaceship,,,30/09/2026 06:02
510d9477-3710-4181-b555-c3e35cf922f4,pristine.ink,available,2.99,32.49,high,low,8,namesilo,,,27/09/2026 06:11
c66e6f14-912a-4587-b1ac-d24fea24b532,montmartre.ink,available,2.98,43.98,high,low,10,namecheap,,,02/10/2026 05:47
26d66502-885c-4771-b536-62b5577ff45a,eyeshadow.ink,available,2.98,43.98,medium,low,10,namecheap,,,
26652d9b-a457-4ce2-bfb2-62d2f7104f78,pulpit.ink,available,2.99,32.49,high,low,6,namesilo,,,18/09/2026 17:14
ceae5cce-e45b-41a9-ac47-e30386afba60,mystifying.ink,available,2.98,43.98,medium,low,10,namecheap,,,13/08/2026 09:39
0fb5f28f-43d8-41f9-8794-12ba7d8d07c8,hilary.ink,available,25.2,25.2,medium,low,6,cloudflare,,,28/09/2026 21:53
573565c1-c895-4a5d-966b-a4289143f74a,dominating.ink,available,2.98,43.98,medium,low,10,namecheap,,,07/08/2026 19:40
99cb4e09-0c14-4557-87e1-a34b4011a81a,thawed.ink,available,2.98,43.98,medium,low,6,namecheap,,,11/09/2026 12:31
e2b1c594-6987-40ed-a1bc-dec20ec59788,farrell.ink,available,2.99,32.49,medium,low,7,namesilo,,,25/09/2026 05:20
6f2e99fb-e0b6-48d7-97b3-b75b02a8d1cb,zonary.ink,available,2.98,43.98,medium,low,6,namecheap,,,13/09/2026 15:31
3bfc2b48-9df3-4b60-9807-4589b1ee9294,poultry.ink,available,2.99,32.49,high,low,7,namesilo,,,24/09/2026 23:24
e22a944f-79b1-4b3a-92a8-b3ec9a74c719,passengers.ink,available,2.99,32.49,medium,low,10,namesilo,,,27/09/2026 02:28
6d28174b-458c-4604-93a0-a538bb5243ef,coed.ink,available,2.98,43.98,medium,low,5,namecheap,,,12/08/2026 13:16
adb98873-30a0-44e7-a9ed-1e9ed6485713,condone.ink,available,2.99,32.49,high,low,7,namesilo,,,30/09/2026 17:43
f0e1f7f1-391f-4cf6-8b55-04ddc03ded94,withdrawal.ink,available,2.99,32.49,high,low,10,namesilo,,,21/09/2026 15:22
d6cd51a9-07d1-413d-b073-1dab21a620e1,guards.ink,available,2.99,32.49,high,low,6,namesilo,,,
7f82544d-9e1c-44ea-be53-92d7a2660139,victuals.ink,available,2.98,43.98,medium,low,8,namecheap,,,12/08/2026 18:52
61e3c6bd-f9fd-4575-b69d-36e0af91eb6e,lxi.ink,premium,116,116,medium,low,3,namesilo,,,
fea4d74b-2d80-4b83-830d-af204dbb4a9e,blate.ink,available,2.98,43.98,medium,low,5,namecheap,,,10/08/2026 13:35
4af98e8a-324b-47f5-bd71-0a5b99e12a94,speakable.ink,available,2.98,43.98,high,medium,9,namecheap,,,10/09/2026 15:22
a0653dd0-8165-4476-9dfd-5470fdf26a79,natives.ink,available,2.98,43.98,medium,low,7,namecheap,,,18/09/2026 01:41
f55b82fb-2945-4a11-b0c9-1f05933a9e6b,foreordain.ink,available,2.98,43.98,high,medium,10,namecheap,,,09/09/2026 01:24
1f42ad5b-9d56-4b4f-9ffc-baf9bd82bdf3,powerplant.ink,available,2.99,32.49,high,low,10,namesilo,,,29/09/2026 08:38
4705644b-9511-4056-9c8f-ec8914c2e5f6,diesel.ink,available,2.99,32.49,high,low,6,namesilo,,,28/09/2026 09:31
802e6e1c-b85c-43b0-9d84-4114db282f30,ecstatic.ink,available,2.98,43.98,high,low,8,namecheap,,,14/08/2026 23:44
ba7aadef-81a7-481d-a0fe-f99c80d3cc31,coachella.ink,available,25.2,25.2,high,low,9,cloudflare,,,30/09/2026 22:20
94f99010-8ce6-4d99-9b74-97cb0c10e7fd,births.ink,available,25.2,25.2,medium,low,6,cloudflare,,,01/10/2026 17:07
94a3fbfa-0fe9-46e6-9445-184c8672924a,fatless.ink,available,2.98,43.98,medium,low,7,namecheap,,,17/08/2026 23:27
8f3c8258-1334-4473-ab41-19e814505f2c,missile.ink,available,2.99,32.49,high,low,7,namesilo,,,27/09/2026 07:17
6ea1dfd6-6781-44ab-9e85-a7a0b1147637,waken.ink,available,2.98,43.98,high,low,5,namecheap,,,08/08/2026 00:08
00ad6ee5-1e25-4b0e-8126-56087c18a3f9,atonal.ink,available,2.98,43.98,medium,low,6,namecheap,,,07/08/2026 13:46
ab45d924-f392-4ce6-985e-149b5cfad093,droll.ink,available,2.98,43.98,medium,low,5,namecheap,,,14/08/2026 19:39
41c252a4-513d-4415-9460-186bf280c5ed,tension.ink,available,2.99,32.49,high,low,7,namesilo,,,27/09/2026 14:38
228e2566-78ea-4bd9-80e6-504408a677f0,telephonic.ink,available,2.98,43.98,medium,low,10,namecheap,,,11/09/2026 10:20
01b1b97b-a0ac-4b5e-b4f2-59a3109ac9e2,anode.ink,available,2.99,32.49,high,low,5,namesilo,,,19/09/2026 11:14
dc2ecc00-df2a-4483-bacd-db824d761aa0,aca.ink,premium,103.7,103.7,high,low,3,spaceship,,,29/09/2026 09:04
e8b38add-489f-4247-bd77-afcdc0424513,disloyalty.ink,available,2.99,32.49,medium,low,10,namesilo,,,24/09/2026 22:47
512fbd6d-453c-4d55-a857-bd65102a2963,batrachian.ink,available,2.98,43.98,medium,low,10,namecheap,,,05/08/2026 20:53
07c1eda4-c6e3-47ef-a43a-8437caef10d6,middlebury.ink,available,2,26.97,medium,low,10,dynadot,,,29/09/2026 15:53
01c36852-be7d-405e-87f6-2339bb6c02a0,conditioning.ink,available,2.98,43.98,high,low,12,namecheap,,,28/09/2026 12:54
0bcb4602-3cdd-42ee-ba68-8def5725b737,entertaining.ink,available,2.99,32.49,high,low,12,namesilo,,,28/09/2026 07:00
cc82b689-4e25-43b1-94c9-d8af249dedb6,guanajuato.ink,available,1.75,26.08,high,low,10,spaceship,,,01/10/2026 09:14
468b6aa0-10e2-48d3-aea3-ffbefa597081,retailed.ink,available,2.98,43.98,medium,low,8,namecheap,,,20/09/2026 16:31
28df06ba-83d2-4bb1-af03-34064ca57e1e,lias.ink,available,2.98,43.98,medium,low,4,namecheap,,,01/10/2026 07:21
1e108411-1975-4520-89e4-ace517cd3710,deniable.ink,available,2.98,43.98,medium,low,8,namecheap,,,14/08/2026 01:50
dfa36fbd-b57f-45b1-9821-242885c76916,scurrilous.ink,available,2.98,43.98,medium,low,10,namecheap,,,
95dc03a3-8daf-46b3-a4e1-e4e98e109c7b,winsome.ink,available,2.98,43.98,high,low,7,namecheap,,,13/09/2026 12:37
52061b1e-180c-4e4d-9d17-1fab241fda9c,turbulent.ink,available,2.98,43.98,medium,low,9,namecheap,,,14/08/2026 12:26
1b626e04-25bd-42c5-a4df-5cca338781bb,joni.ink,available,1.75,26.08,medium,low,4,spaceship,,,02/10/2026 00:14
8597a1e0-32c1-43f9-8d43-179520324c2b,auden.ink,available,2.99,32.49,medium,low,5,namesilo,,,21/09/2026 02:48
379196fa-27d5-4146-b46f-da47d98397e9,humdrum.ink,available,2.98,43.98,medium,low,7,namecheap,,,21/08/2026 15:05
9b6cdb04-dca3-475b-8fe9-4422d1b7beb2,imitative.ink,available,2.98,43.98,medium,low,9,namecheap,,,13/08/2026 03:34
779fd7c8-6755-41e0-bea6-8c2cf1798a1c,burnley.ink,available,1.75,26.08,medium,low,7,spaceship,,,29/09/2026 15:51
4dfecff9-c064-4d60-9ae3-7d6d5f35fb34,matthew.ink,premium,116,116,high,low,7,namesilo,,,25/09/2026 06:38
a1d32025-9896-4da8-8dc6-d986b6a08560,volunteers.ink,available,2.99,32.49,high,low,10,namesilo,,,18/09/2026 01:21
7947da70-bd60-419b-8783-d0f290a9770f,overpriced.ink,available,2.98,43.98,medium,low,10,namecheap,,,04/09/2026 21:26
1d18110f-16ec-495a-a8c2-ea81cc042349,acquired.ink,available,2.98,43.98,high,low,8,namecheap,,,
490a6b2f-19ec-466a-b174-0c214f4c4575,bialy.ink,available,2.99,32.49,medium,low,5,namesilo,,,23/09/2026 12:41
6897ada4-94f1-4d3d-b88e-6d1b3b32d8d9,puissant.ink,available,2.98,43.98,medium,low,8,namecheap,,,09/09/2026 05:53
f4ea074f-91b5-4e4f-90c6-44ad0794e00d,contrabass.ink,available,2.98,43.98,medium,low,10,namecheap,,,12/08/2026 23:28
0ad24f0a-a314-4dc5-bfe3-78b2f2b3fe96,cornell.ink,available,2.99,32.49,medium,low,7,namesilo,,,29/09/2026 00:29
273f52e5-9c5d-4d83-89b3-fd08cac49c3d,servicing.ink,available,1.75,26.08,high,low,9,spaceship,,,01/10/2026 21:38
f30b2936-185e-4e46-a77f-8553de658568,legged.ink,available,2.98,43.98,medium,low,6,namecheap,,,22/08/2026 22:55
799c8fbb-c663-4566-8a7e-621dd6cd27bb,defaulted.ink,available,2.98,43.98,low,low,9,namecheap,,,21/09/2026 07:28
d2ce8e4b-2c79-45ba-90f0-5e5e55c4e5cc,divides.ink,available,1.75,26.08,medium,low,7,spaceship,,,01/10/2026 17:42
eede2d8b-4833-406c-8b12-f0e9c85d9f28,abkhazia.ink,available,2.99,32.49,medium,low,8,namesilo,,,16/09/2026 16:03
98ead456-fbc2-40dc-aa58-a1054ae74cbc,horne.ink,available,1.75,26.08,high,low,5,spaceship,,,27/09/2026 14:08
62102fd6-9ec8-470c-9172-09a687304299,advising.ink,available,1.75,26.08,high,low,8,spaceship,,,29/09/2026 20:50
b327a0fd-c8c8-446d-bc87-655cf68f70d2,grows.ink,available,2.99,32.49,medium,low,5,namesilo,,,27/09/2026 10:10
9dfe0c7b-6557-4786-8df1-1a38223a35ba,outfitted.ink,available,2.98,43.98,high,low,9,namecheap,,,04/09/2026 19:24
fdb76cd0-65ea-42fe-8bac-c912315635ce,rectal.ink,available,2.98,43.98,medium,low,6,namecheap,,,09/09/2026 11:51
8eea00d6-652e-4083-8bcd-e97017a0221d,extralegal.ink,available,2.98,43.98,medium,low,10,namecheap,,,17/08/2026 19:14
8a637381-58a9-4605-893a-ce0acb01060a,chemist.ink,available,2.99,32.49,high,low,7,namesilo,,,19/09/2026 19:39
f13baf60-0f47-41c6-a210-61a7a49fe1e5,armoured.ink,available,2.98,43.98,medium,low,8,namecheap,,,06/08/2026 20:10
5f6bf21a-51a1-4b79-b18a-f5427d94c3c9,drapes.ink,available,2.99,32.49,high,low,6,namesilo,,,17/09/2026 07:49
93cf2d0a-b812-4f66-83b7-cfd83ecdb89f,sunburned.ink,available,2.98,43.98,medium,low,9,namecheap,,,11/09/2026 01:46
c5d5b8bd-eb17-4c73-a361-0ce8c23d2e71,horizontal.ink,available,2.98,43.98,high,low,10,namecheap,,,21/08/2026 14:00
aa989d9f-61ca-4369-8490-f7ecfdedc166,prodromal.ink,available,2.98,43.98,medium,low,9,namecheap,,,09/09/2026 02:44
c5b07fdf-f216-48d7-8a0d-595385408a70,exchanging.ink,available,2.99,32.49,medium,low,10,namesilo,,,20/09/2026 00:55
75143d31-aec6-4fed-9cf1-a1387f152884,soigne.ink,available,2.98,43.98,medium,low,6,namecheap,,,10/09/2026 13:28
75734aa3-57c3-44c4-9a8d-7126d8c74b05,agrology.ink,available,2.98,43.98,medium,low,8,namecheap,,,17/09/2026 19:36
789b4add-eaa2-41b9-8ae0-080e50925ecb,deafened.ink,available,2.99,65.99,low,low,8,name.com,,,13/08/2026 19:52
e8568652-0e53-4f74-8c17-59cc9ba1154f,scratching.ink,available,2.06,26.26,high,low,10,porkbun,,,29/09/2026 20:18
fb9021dc-7b57-41fd-b157-360ce4b547d0,dateless.ink,available,2.99,65.99,medium,low,8,name.com,,,13/08/2026 18:42
b7f65c85-fa6d-49b7-9ba0-249b7a824a51,mentioned.ink,available,2.99,,medium,low,9,name.com,,,
bb7e119b-da7a-424c-8bba-78af2867f8ad,exhusband.ink,available,2.98,43.98,medium,low,10,namecheap,,,17/08/2026 15:21
0c630733-07bf-4e1e-847a-11469f6d9062,capsulize.ink,available,2.98,43.98,medium,low,9,namecheap,,,11/08/2026 18:15
a9a6ca4f-50dd-4785-bbea-53f9495d4304,zealand.ink,available,1.75,26.08,medium,low,7,spaceship,,,29/09/2026 02:11
467690ce-2573-4f78-b06c-2b6505d92133,recognized.ink,available,2.99,32.49,high,low,10,namesilo,,,21/09/2026 15:28
058a273e-b3c3-42e0-8f24-19d81f2d7658,suicides.ink,available,2.99,32.49,low,low,8,namesilo,,,02/10/2026 04:02
046586c4-8c6e-4c5f-bfcf-0fffb624aba3,coolidge.ink,available,2,26.97,medium,low,8,dynadot,,,02/10/2026 04:13
dd50c2ea-bedd-45a3-9355-35dbd7f6c974,annular.ink,available,2.98,43.98,medium,low,7,namecheap,,,
b22b59d7-e6e9-4d1a-9da3-1deb0ddd52ef,rnas.ink,available,2.99,32.49,low,low,4,namesilo,,,29/09/2026 05:15
7d2ef9a4-0faf-4a19-9023-f13a9d2909ad,boltzmann.ink,available,2.99,32.49,medium,low,9,namesilo,,,30/09/2026 08:42
bbf683b9-b423-4e80-9d69-c647bdcdc154,lorry.ink,available,2,26.97,high,low,5,dynadot,,,29/09/2026 06:05
df6bd59c-59dd-41ad-9189-d0d00e742b19,hostesses.ink,available,2.99,32.49,medium,low,9,namesilo,,,20/09/2026 07:50
a0efb0f5-45e9-46ae-89de-41759bde6ec3,toulon.ink,available,1.75,26.08,medium,low,6,spaceship,,,28/09/2026 20:41
f6d911b8-ef18-4b46-89a0-d2f7da344c95,turmeric.ink,available,2.99,32.49,high,low,8,namesilo,,,19/09/2026 15:28
fe3654a8-4f8a-4e80-98e2-9317663306aa,bundy.ink,available,2.99,32.49,medium,low,5,namesilo,,,28/09/2026 11:45
57ff54bc-d49b-4f84-997d-7afe0e03ade7,balk.ink,available,2.98,43.98,medium,low,4,namecheap,,,14/08/2026 04:55
c887e1e5-d726-4afa-9038-6695324eb54e,resistive.ink,available,2.98,43.98,medium,low,9,namecheap,,,09/09/2026 15:23
a6b3adf0-ef63-47ed-92e0-3143847b2c1c,angelim.ink,available,2.99,32.49,medium,low,7,namesilo,,,19/09/2026 03:59
c5830160-ce27-449d-9685-d71a626d53bd,righted.ink,available,2.99,32.49,medium,low,7,namesilo,,,20/09/2026 15:58
aca7868b-549c-47c7-9874-d21ae9a4ee52,durer.ink,available,2.99,32.49,medium,low,5,namesilo,,,18/09/2026 03:18
de631b53-7ae2-47ad-b02d-850a5b5c2ac9,departments.ink,available,2.98,43.98,medium,low,11,namecheap,,,29/09/2026 17:21
354ce6f0-bb25-4dc3-8904-c81d27f5dda4,dinnertime.ink,available,2.98,43.98,high,low,10,namecheap,,,24/09/2026 22:22
bd59bfc0-cbab-46cb-a0f9-6bece1e14857,literacy.ink,available,2.99,32.49,high,low,8,namesilo,,,30/09/2026 02:09
ff6fd43b-a898-43b5-ad73-45e219645edd,cautious.ink,available,2.98,43.98,high,low,8,namecheap,,,11/08/2026 22:44
3f40535a-00ee-4f6a-b135-0c2a73df1d57,bier.ink,available,2.99,32.49,medium,low,4,namesilo,,,23/09/2026 13:47
b864cfa5-6d8a-442f-bdb2-a9c39766db32,cyclic.ink,available,2.99,65.99,high,low,6,name.com,,,13/08/2026 13:31
850fd710-5540-4b14-9273-8446f7f47ca6,speechless.ink,available,2.99,32.49,medium,low,10,namesilo,,,19/09/2026 16:52
efe42620-8ee4-4c80-839a-7576110ee6a6,clinics.ink,available,2.99,32.49,medium,low,7,namesilo,,,20/09/2026 12:34
fe411ac3-e3d0-4c05-a5ba-7dd553989812,barrack.ink,available,2.99,32.49,medium,low,7,namesilo,,,22/09/2026 07:48
a3dc13c0-de61-44cd-955c-9fc0bbe656b2,reductive.ink,available,2.98,43.98,high,medium,9,namecheap,,,09/09/2026 12:25
e1d3ef49-692f-4895-acbb-6eeff567a90b,inhibited.ink,available,2.98,43.98,medium,low,9,namecheap,,,22/08/2026 05:07
7c5b55cc-acaa-41ed-b9a5-f94eafa7ad9a,misconduct.ink,available,2.98,43.98,medium,low,10,namecheap,,,17/09/2026 05:28
b851b4e0-2d6b-4a53-b33b-96190acf98d1,lesions.ink,available,2.98,43.98,low,low,7,namecheap,,,30/09/2026 07:01
a7dc5044-2a3a-4ed2-994b-72e3a5df4f1a,popping.ink,available,2,26.97,high,low,7,dynadot,,,30/09/2026 02:36
7840ddf5-5074-44ec-9f37-cebfd039748a,closeout.ink,available,2.99,32.49,high,low,9,namesilo,,,
ebca2542-f0e5-402e-b821-92d33309f14a,pupils.ink,available,1.75,26.08,low,low,6,spaceship,,,28/09/2026 17:49
ba3e6d02-07e2-4f87-a179-c252fefe0dd3,pectoralis.ink,available,2.98,43.98,medium,low,10,namecheap,,,08/09/2026 12:06
fb1c9f35-67fd-4b45-a3bb-4d06226644ac,minsk.ink,available,2.99,32.49,high,low,5,namesilo,,,28/09/2026 05:24
e9085a0d-6d72-4f2e-88dc-faaca23f8b1a,marches.ink,available,1.75,26.08,medium,low,7,spaceship,,,29/09/2026 19:38
aebd3b9b-d887-4e56-8129-bf4ea91c55ce,martine.ink,available,1.75,26.08,high,low,7,spaceship,,,02/10/2026 00:09
dc61f6bf-2f35-4f43-b511-aa2bedd22b1b,flowers.ink,resell,,,high,medium,7,"GoDaddy.com, LLC",25/07/2014 11:16,25/07/2027 23:59,26/09/2026 06:09
6d885793-8706-4411-bc5a-d75648f712b4,bittern.ink,available,2.99,32.49,medium,low,7,namesilo,,,23/09/2026 23:02
5bcd0de9-16b8-4ff7-8129-30d5829d148e,whacking.ink,available,2.98,43.98,high,low,8,namecheap,,,13/09/2026 11:09
6405867a-83f0-4f4b-812f-e8fe64dde232,askant.ink,available,2.98,43.98,medium,low,6,namecheap,,,07/08/2026 03:05
ef9d3894-f642-44ae-9a0e-41d4af7a1cb2,andrade.ink,available,25.2,25.2,medium,low,7,cloudflare,,,29/09/2026 10:57
903f3b10-abee-452a-8887-18aed1e4c7c8,osmotic.ink,available,2.98,43.98,medium,low,7,namecheap,,,04/09/2026 18:15
c96a36c3-8218-4637-a37e-e6bc6b2783d5,gyroplane.ink,available,2.99,32.49,medium,low,9,namesilo,,,21/09/2026 06:27
9cfac0dc-97e0-4577-970f-98717b61b684,aboral.ink,available,2.98,43.98,medium,low,6,namecheap,,,
143ec751-28b9-47fb-bd35-b61450b4ba4a,tenderly.ink,available,2.99,32.49,high,low,8,namesilo,,,16/09/2026 08:17
e48310e8-1a8b-4a8f-95e1-219d15c0e60f,intermediate.ink,available,2.99,32.49,high,low,12,namesilo,,,30/09/2026 11:48
1d2ae346-611c-4c5f-ab3c-521b9c691452,tannic.ink,available,2.98,43.98,medium,low,6,namecheap,,,11/09/2026 08:01
90d9a632-5bae-423f-8747-b9461fdab1df,landlady.ink,available,2.99,32.49,high,low,8,namesilo,,,02/10/2026 05:34
26cb2b88-c0f4-4e4c-8a5d-0d2d7054c8bb,seat.ink,resell,,,medium,low,4,"GoDaddy.com, LLC",30/06/2026 03:00,30/06/2027 03:00,26/09/2026 08:53
ae371fa8-e9b3-444f-9da8-6a0ce32dc76e,thrilled.ink,available,2.98,43.98,high,low,8,namecheap,,,11/09/2026 14:36
4d25fb7a-6f08-442f-93a9-ea67a1f52614,collectively.ink,available,2,26.97,medium,low,12,dynadot,,,30/09/2026 05:47
483ca1f0-bf1e-4d2f-9154-579f71cb7093,bhaga.ink,available,2.99,32.49,medium,low,5,namesilo,,,23/09/2026 12:29
22146369-d0b3-4e0d-b5e5-05730e8da9fd,eight.ink,resell,,,high,low,5,"GoDaddy.com, LLC",27/06/2026 03:01,27/06/2027 03:01,26/09/2026 05:46
22bab2c8-ef35-4ce2-a41b-a131a0a7be31,comparable.ink,available,2.99,32.49,high,low,10,namesilo,,,23/09/2026 16:34
2c27f557-1a61-447b-8b57-1e18dfa66690,scott.ink,premium,224,224,high,medium,5,namesilo,,,25/09/2026 05:00
ae3fc618-d8c4-4007-8bd3-57d4ce97a2d9,songster.ink,available,2.99,32.49,high,low,8,namesilo,,,21/09/2026 22:38
5c9760c1-3866-4f70-a66a-406ba5e434bc,buddies.ink,available,2.99,32.49,medium,low,7,namesilo,,,29/09/2026 06:02
d8ba46f0-3711-4e36-b8d5-89cd1f3e8502,nnw.ink,premium,116,116,medium,low,3,namesilo,,,15/09/2026 16:52
a81b034c-c635-4402-98f0-f403a2ec3203,palmae.ink,available,2.99,32.49,medium,low,6,namesilo,,,20/09/2026 03:32
32392416-3801-4da0-8818-1894f723b95c,kandahar.ink,available,1.75,26.08,medium,low,8,spaceship,,,01/10/2026 02:47
0dea9931-ba5a-4a51-929a-e9a206477944,seattle.ink,premium,181.33,181.33,high,low,7,spaceship,,,30/09/2026 10:52
4941c92b-134b-44a3-bb30-f795a0f53150,pursued.ink,available,2.98,43.98,high,medium,7,namecheap,,,09/09/2026 06:26
3dbebc8f-296e-4256-9351-82c8c38c3e76,clemson.ink,available,2.99,32.49,high,low,7,namesilo,,,27/09/2026 07:07
c8cafbe4-6202-40dd-b9ee-f5ce3287c6e3,sulfurized.ink,available,2.98,43.98,medium,low,10,namecheap,,,11/09/2026 01:25
ff6b3b9b-d3a9-4510-96d3-0c3edbb08b63,sagely.ink,available,2.98,43.98,medium,low,6,namecheap,,,16/09/2026 00:31
b57463b1-2f50-4683-b9f9-bfb951a4a5f4,nut.ink,premium,116,116,high,low,3,namesilo,,,10/09/2026 00:12
9775dbe7-441b-49cf-9ed7-fafefa949022,orphans.ink,available,1.75,26.08,low,low,7,spaceship,,,28/09/2026 18:19
57dbee59-c7a0-4b41-b878-8112467536dc,soaking.ink,available,2.98,43.98,medium,low,7,namecheap,,,14/09/2026 14:28
cc4ee30f-fa35-4f3f-9bf0-99585fdd1aac,medially.ink,available,2.98,43.98,medium,low,8,namecheap,,,15/09/2026 13:54
4d4d25cb-bc0e-4f28-8b75-387a1cef1e62,advisable.ink,available,2.98,43.98,high,low,9,namecheap,,,
a4f7ba72-f4bf-4c4d-b657-b4e6ba3d19be,quartette.ink,available,2.98,43.98,medium,low,9,namecheap,,,09/09/2026 07:26
438c79fc-595a-4712-8f72-7be156b646c3,antitoxin.ink,available,2.98,43.98,medium,low,9,namecheap,,,19/09/2026 15:12
f38a6bde-dd52-45a9-af9e-a84c57cfe9b7,attlee.ink,available,2.99,32.49,medium,low,6,namesilo,,,16/09/2026 12:16
631535c7-5348-4e6b-93bf-2fe87012789f,bayou.ink,available,2.98,43.98,high,low,5,namecheap,,,22/09/2026 18:09
30925e95-1315-4179-8e0f-93635baeebba,frumpy.ink,available,2.98,43.98,medium,low,6,namecheap,,,18/08/2026 17:06
73426ac0-463c-44bc-9468-de5939dbb87f,repeats.ink,available,2.99,32.49,medium,low,7,namesilo,,,29/09/2026 17:30
6bf10b87-9add-416c-96eb-fc784cb42227,thereof.ink,available,2.98,43.98,medium,low,7,namecheap,,,16/09/2026 08:41
4a1db947-4944-4119-8450-4e7f7b60ee8e,sorely.ink,available,2.99,32.49,medium,low,6,namesilo,,,16/09/2026 05:13
c426d9e5-80bc-448b-899f-21422b19eea9,rutty.ink,available,2.98,43.98,medium,low,5,namecheap,,,09/09/2026 20:24
6568bc66-a7cf-4e27-aa70-a08996fa71f2,competition.ink,available,2.99,32.49,high,low,11,namesilo,,,25/09/2026 16:42
be19cb70-7da7-4f1c-8eac-dd1cad19ff43,unpackaged.ink,available,2.98,43.98,medium,low,10,namecheap,,,12/09/2026 16:23
a5bf56e0-09d8-4924-91d8-f5f8dca72404,illuminator.ink,available,2.99,32.49,high,low,11,namesilo,,,01/10/2026 23:19
bb61c7ce-1802-4131-9603-680a267749d9,hornless.ink,available,2.98,43.98,medium,low,8,namecheap,,,21/08/2026 14:06
c91f40ce-2dcd-411b-905a-61914fa76e92,dma.ink,premium,110,110,high,low,3,dynadot,,,29/09/2026 21:51
94f8306a-3d8b-4a1c-8c3f-786774ece4fd,drucker.ink,available,2.06,26.26,medium,low,7,porkbun,,,02/10/2026 02:35
4dec1ac8-abf1-41b6-8951-3044aa337078,independent.ink,resell,,,high,low,11,West263 International Limited,07/01/2022 08:24,07/01/2027 23:59,01/10/2026 00:33
32c7aa91-1b61-468c-92c4-e67aaed335da,pitches.ink,available,1.75,26.08,medium,low,7,spaceship,,,30/09/2026 14:41
229e54b4-dbd6-401c-8ea4-ad61e967b35f,abode.ink,available,2.99,32.49,high,low,5,namesilo,,,16/09/2026 16:25
f223a778-3ce0-48d5-8484-3390f6e1d519,systematic.ink,available,2.98,43.98,high,low,10,namecheap,,,11/09/2026 06:44
d6c1ba64-3464-404d-bf7c-3ab7ee512ebf,wajda.ink,available,2.99,32.49,medium,low,5,namesilo,,,19/09/2026 05:01
c8fb642c-0677-4ee5-b2a8-200015add1b8,sprinkled.ink,available,2.98,43.98,medium,low,9,namecheap,,,01/10/2026 00:34
5e751518-dbfb-475e-8c2d-09bd3c426cd8,ambassador.ink,available,2.99,32.49,high,low,10,namesilo,,,18/09/2026 16:26
f357e108-03cf-4d8d-9a6b-e69945ebfbfb,luteal.ink,available,2.98,43.98,medium,low,6,namecheap,,,24/08/2026 12:07
16ac1bd0-5294-4f54-b62b-a88ff9d21b45,roughly.ink,available,2.98,43.98,medium,low,7,namecheap,,,21/09/2026 14:14
afd7198e-d025-4912-bef2-07ef2b1f1ba8,baghdad.ink,available,1.75,26.08,medium,low,7,spaceship,,,29/09/2026 00:27
ccb2bc45-2d01-4c8d-897f-477e9320702c,sucks.ink,available,2.99,32.49,medium,low,5,namesilo,,,18/09/2026 11:29
882e89d2-9286-4e9d-a655-ccdcc344acb5,midget.ink,available,2.98,43.98,high,low,6,namecheap,,,08/08/2026 14:19
47114069-3acc-4dd5-bda1-04979e5a1591,situation.ink,available,2.99,32.49,high,low,9,namesilo,,,29/09/2026 02:15
c3bf7e6f-bf35-4203-adbb-9c28fc2dcdeb,patrons.ink,available,1.75,26.08,medium,low,7,spaceship,,,30/09/2026 14:47
dc495ff3-59e7-4639-a042-a53bc6b3cea0,recurring.ink,available,2.98,43.98,high,low,9,namecheap,,,09/09/2026 11:58
b2ccf0c6-91fa-429e-b304-097afa542c96,laughter.ink,available,1.75,26.08,high,low,8,spaceship,,,30/09/2026 02:09
b9bd825f-e889-4fd2-b6c3-409f969f68b8,annexa.ink,available,2.98,43.98,medium,low,6,namecheap,,,17/09/2026 09:06
d96682e6-3602-49f2-a24e-c7096a5b8f06,forgiving.ink,available,2.99,32.49,high,low,9,namesilo,,,21/09/2026 14:52
7f6d2bfb-9f6b-4a9d-87fc-b9f413812ca9,specious.ink,available,2.98,43.98,high,medium,8,namecheap,,,10/09/2026 15:26
c78e1aef-4adf-4600-9e86-eb10f9c9052e,omit.ink,available,1.75,26.08,high,low,4,spaceship,,,30/09/2026 05:29
93bdeafd-7507-4699-9cc8-3861be642104,unhealed.ink,available,2.98,43.98,medium,low,8,namecheap,,,12/09/2026 12:08
b9c62fdf-0fbc-44c6-a993-20cc5656dce4,suppliers.ink,available,1.75,26.08,medium,low,9,spaceship,,,01/10/2026 00:17
f1fd775e-7232-4622-89b4-d91f59128260,europeans.ink,available,2.99,32.49,medium,low,9,namesilo,,,30/09/2026 15:43
50afde40-d99b-4f4c-bda6-c0c7c201b4b1,germanium.ink,available,2.99,32.49,medium,low,9,namesilo,,,20/09/2026 22:51
b5a57e16-fe48-4db2-9d19-d53e8fd5d940,cough.ink,available,2.98,43.98,high,low,5,namecheap,,,24/09/2026 18:37
c52cb9e6-f6fc-430d-842f-7dcf9a8ea138,stuyvesant.ink,available,2.98,43.98,high,low,10,namecheap,,,29/09/2026 19:58
0cae8e43-45de-43b6-b3f4-a528de1fb245,constantin.ink,available,2.99,32.49,high,low,10,namesilo,,,29/09/2026 09:43
5db8c7ef-b9bf-4faa-8291-38d4564db7cb,ovarian.ink,available,2.98,43.98,medium,low,7,namecheap,,,04/09/2026 19:55
2d2c5aec-951d-4021-b861-3922169cf01e,viewing.ink,available,2.99,32.49,high,low,7,namesilo,,,29/09/2026 02:05
2716ed35-2483-4613-8f9f-42f56cef9e18,predacious.ink,available,2.98,43.98,high,medium,10,namecheap,,,09/09/2026 01:21
a5a61902-0448-4ed1-a3d9-2890ed8b1e43,keaton.ink,available,1.75,26.08,medium,low,6,spaceship,,,30/09/2026 00:55
02037c47-b992-451e-a337-d2518eed4a6f,decades.ink,available,2.99,32.49,low,low,7,namesilo,,,28/09/2026 13:15
c91cab34-6743-4266-8406-6e8ff4980009,toothed.ink,available,2.98,43.98,medium,low,7,namecheap,,,17/08/2026 12:41
9f6f278d-3073-45fb-be70-f5a1ff625742,rale.ink,available,2.98,43.98,high,medium,4,namecheap,,,09/09/2026 10:37
5826637d-6846-4e20-9403-15ed5fd86cab,bateman.ink,available,1.75,26.08,medium,low,7,spaceship,,,30/09/2026 22:30
8c8f82f6-41c6-4606-88be-080600985dd7,angled.ink,available,2.98,43.98,medium,low,6,namecheap,,,
d1f21245-4de1-4334-8b22-9144323cb552,counterterrorism.ink,available,2.99,,medium,low,17,name.com,,,
1b0f0c58-840a-477f-ae10-cb673b73192f,adduct.ink,available,2.99,32.49,medium,low,6,namesilo,,,17/09/2026 07:09
6e18f32a-b99a-489e-b7b5-56eba62682fc,interrupted.ink,available,1.75,26.08,medium,low,11,spaceship,,,28/09/2026 08:46
e3190adc-dcab-4017-8c88-ca0c8d1dac24,esposito.ink,available,25.2,25.2,medium,low,8,cloudflare,,,30/09/2026 21:18
aeab601a-3fca-4f00-906a-45caa791b77b,matted.ink,available,2.98,43.98,medium,low,6,namecheap,,,24/08/2026 16:52
54042474-29e8-4c1d-96d5-4d1482b52477,flammable.ink,available,2.98,43.98,medium,low,9,namecheap,,,18/08/2026 06:32
c889ccfc-1940-4e9f-be0a-31f73c3e1553,aculea.ink,available,2.98,43.98,low,low,6,namecheap,,,17/09/2026 05:32
614aec4a-9212-40a7-937e-9e0e7bdca9ce,paroxysmal.ink,available,2.98,43.98,medium,low,10,namecheap,,,08/09/2026 01:54
73506361-a663-41b7-94fc-bd87c96b5148,vienne.ink,available,2.98,43.98,medium,low,6,namecheap,,,02/10/2026 04:28
8920cd5a-e7c0-4dac-b3a0-ea014720e905,conditionally.ink,available,2.06,26.26,medium,low,13,porkbun,,,29/09/2026 14:42
5d4e43a2-f99a-4ff0-a8ff-51c96404d6ad,bedcover.ink,available,2.99,32.49,high,low,8,namesilo,,,22/09/2026 22:53
b773e1c1-264f-4a70-838f-eff44886f65d,batiste.ink,available,2.99,32.49,medium,low,7,namesilo,,,22/09/2026 14:05
bc202e40-1809-4b52-acbf-6af606563dcc,panadol.ink,available,2.99,32.49,high,low,7,namesilo,,,16/09/2026 23:53
6fc8b3f1-13c6-4ad3-9a28-2b85483e0015,races.ink,available,2.99,32.49,medium,low,5,namesilo,,,19/09/2026 00:33
48a5ceb1-9326-4037-b42d-10faa0942875,chopin.ink,available,2.99,32.49,high,low,6,namesilo,,,02/10/2026 04:21
0a0d7ace-a764-4f42-9e42-34743a0b3db9,bambino.ink,available,2.98,43.98,high,low,7,namecheap,,,22/09/2026 00:39
3d5944f8-cfc0-409f-b613-200e7893f5ab,antagonism.ink,available,2.99,32.49,medium,low,10,namesilo,,,19/09/2026 12:27
65c74060-8c00-46a2-a4f3-da4bfa9ebec1,wharton.ink,available,2.99,32.49,high,low,7,namesilo,,,25/09/2026 22:32
05b6d8e1-ac88-4907-929a-2c1aff9cd9f4,wobbly.ink,available,25.2,25.2,medium,low,6,cloudflare,,,27/09/2026 14:59
5eabdcdc-5aaf-4b59-bc14-3cbb8371a0db,caper.ink,available,2.99,32.49,high,low,5,namesilo,,,22/09/2026 06:32
311e62d4-93f5-4902-aa6b-a4540b8d7018,sing.ink,resell,,,high,low,4,"Spaceship, Inc.",06/07/2026 00:03,06/07/2027 00:03,30/09/2026 06:34
4d1e4470-d4df-4217-85c8-cdc80ae1618e,whipping.ink,available,2.98,43.98,medium,low,8,namecheap,,,22/08/2026 20:12
df20a628-15c9-433f-9da3-54088663e3a2,livonia.ink,available,2.99,49.99,medium,low,7,godaddy,,,30/09/2026 02:09
77c0c778-1df2-41cc-b49c-2b964305b45b,played.ink,available,2.98,43.98,high,low,6,namecheap,,,27/09/2026 04:03
87a8b382-0269-4aa4-a253-ac97aca7af9a,addable.ink,available,2.98,43.98,medium,low,7,namecheap,,,
cccacdc1-28d3-4856-b8e8-c0a4ffde8a5e,ringing.ink,available,2.99,32.49,high,low,7,namesilo,,,27/09/2026 05:00
98bd9b24-c6b9-4ee9-a2d3-812f2ca08824,efl.ink,premium,103.7,103.7,high,low,3,spaceship,,,29/09/2026 09:34
12088696-7b7c-45ab-abe9-c7374bdc9ff9,caitiff.ink,available,2.98,43.98,low,low,7,namecheap,,,11/08/2026 13:26
975368fe-64a6-4a67-9a38-fb5d5af0620a,rewardful.ink,available,2.98,43.98,medium,low,9,namecheap,,,09/09/2026 16:27
f9dd20f7-3ef8-49a7-9ce6-a150fc26bab5,eucharistic.ink,available,25.2,25.2,medium,low,11,cloudflare,,,30/09/2026 11:39
4f926ed6-f6fb-4d53-9ebc-13e874fb9b9c,matchless.ink,available,2.98,43.98,high,low,9,namecheap,,,24/08/2026 17:00
2314781d-415c-43c2-94db-9bfd55208211,sutherland.ink,available,2.99,32.49,medium,low,10,namesilo,,,25/09/2026 04:37
de77576e-5ccf-4296-abeb-58618e4a4ef3,necessary.ink,available,2.99,32.49,high,low,9,namesilo,,,24/09/2026 15:21
e2c9b382-fc00-4e9b-bb3a-88f1ecfa6628,riled.ink,available,2.98,43.98,medium,low,5,namecheap,,,
a9ed70b1-0176-4625-ae99-fe4442c55d04,consuming.ink,available,2.98,43.98,high,low,9,namecheap,,,23/09/2026 21:22
43047584-2848-4751-9d2e-497ac85166b3,similarly.ink,available,1.75,26.08,medium,low,9,spaceship,,,28/09/2026 16:09
4958abef-7053-4593-8368-1e822915af16,momently.ink,available,2.98,43.98,medium,low,8,namecheap,,,15/09/2026 15:21
ceaa6401-ee73-4c3b-a22a-302d0a238527,azote.ink,available,2.98,43.98,medium,low,5,namecheap,,,21/09/2026 11:27
af721762-a776-4525-914e-4b1b201d7504,cataphatic.ink,available,2.98,43.98,medium,low,10,namecheap,,,11/08/2026 21:04
76c4c6fc-b086-44a3-8ea8-74d6852ac239,asocial.ink,available,2.98,43.98,medium,low,7,namecheap,,,07/08/2026 04:36
89b217da-b488-453d-b222-e2c30126e0a7,exploited.ink,available,2.98,43.98,medium,low,9,namecheap,,,08/09/2026 15:46
ea40eaf1-a26b-4870-b28c-2fd379a15bdc,tucked.ink,available,2.98,43.98,high,low,6,namecheap,,,11/09/2026 21:02
9b995f39-0020-45e2-a711-fecac9ac8d5b,swelled.ink,available,2.98,43.98,medium,low,7,namecheap,,,11/09/2026 05:38
fc354586-c659-4a27-abfb-f5f21bc9ef04,wrecked.ink,available,2.99,32.49,medium,low,7,namesilo,,,28/09/2026 11:09
ba36e165-64b9-4b10-a57d-b1c5cbcb050b,recommended.ink,available,2.99,32.49,medium,low,11,namesilo,,,28/09/2026 08:36
22a2a108-4403-4cd8-b4df-9c16a57eeb43,amalgamate.ink,available,2.98,43.98,high,low,10,namecheap,,,22/09/2026 03:01
81e62a78-0942-425a-94df-cd9488ca0288,dennison.ink,available,2.99,32.49,medium,low,8,namesilo,,,30/09/2026 05:23
c789af2c-cd4f-4c35-b3b6-894c54bf9558,isolated.ink,available,2.99,32.49,medium,low,8,namesilo,,,22/09/2026 07:07
857ca169-f078-4910-af52-c61ab25cae53,racers.ink,available,1.75,26.08,medium,low,6,spaceship,,,01/10/2026 18:02
654165c1-4b44-4ad9-9213-83bc7a1ed875,payoff.ink,available,1.75,26.08,medium,low,7,spaceship,,,29/09/2026 11:46
ccca0762-0593-4bd7-9c2b-eb8c11271ca6,spongy.ink,available,2.98,43.98,medium,low,6,namecheap,,,10/09/2026 16:24
8491d14e-0be7-4161-9333-d62b292021e6,tobin.ink,available,2.99,32.49,high,low,5,namesilo,,,28/09/2026 06:04
ac5f94e1-ba73-4028-a6de-3fb9d8ecdbd4,amid.ink,available,1.75,26.08,high,low,4,spaceship,,,30/09/2026 11:35
80ff4f50-5bd3-4650-a9e3-a605080c556c,zaragoza.ink,available,2.99,32.49,medium,low,8,namesilo,,,29/09/2026 08:01
4dd32ee7-5478-4941-ad00-801b335dec45,distinguish.ink,available,25.2,25.2,medium,low,11,cloudflare,,,28/09/2026 21:05
164cc56a-b8ec-4b90-8aa4-443bba2a0fdd,alternative.ink,available,2.99,32.49,high,low,11,namesilo,,,26/09/2026 00:42
3f09a7a3-952c-4b19-a3e9-a7a313252106,midweek.ink,available,2.98,43.98,high,low,7,namecheap,,,13/09/2026 09:34
eb80fc39-b450-4108-9c0a-ba8d419512bc,damages.ink,available,2.99,32.49,high,low,7,namesilo,,,18/09/2026 18:40
74e8fd0e-d274-4223-b3b9-6bd958475641,prandial.ink,available,2.98,43.98,high,medium,8,namecheap,,,09/09/2026 01:04
d842f932-c322-479d-adf8-93c6d1332d76,tumid.ink,available,2.98,43.98,medium,low,5,namecheap,,,10/08/2026 18:05
fe5dba8d-4986-4f0c-8fcb-450dcce0cfe0,religion.ink,available,1.75,26.08,high,low,8,spaceship,,,29/09/2026 18:54
c6c5545a-1b16-413a-abb9-20e3c42180fd,progression.ink,available,2.99,,high,low,11,name.com,,,
ce516e08-5d1a-4f92-a17f-9af41d65f3f0,convict.ink,available,2.98,43.98,high,low,7,namecheap,,,24/09/2026 17:58
24e26a6d-df82-4670-8e12-17b8bcc76e56,avenger.ink,available,2.98,43.98,high,low,7,namecheap,,,21/09/2026 08:56
69809246-60dd-4c3e-9ec7-6fc18cb49a99,gammy.ink,available,2.98,43.98,medium,low,5,namecheap,,,18/08/2026 20:04
c6d054e6-e93c-4ce9-8f08-41ae1f4320e8,taxa.ink,available,2.99,32.49,medium,low,4,namesilo,,,25/09/2026 17:29
c2d68d21-c7c0-4197-8537-785a386eea9e,adverbs.ink,available,2.99,32.49,medium,low,7,namesilo,,,18/09/2026 21:42
35f0d24d-7ee2-438d-99c4-c1e62c0fc049,norbert.ink,available,1.75,26.08,medium,low,7,spaceship,,,28/09/2026 22:05
bc10388f-f9cf-4cd2-9f30-3a9f9c6bfcd0,apery.ink,available,2.99,32.49,medium,low,5,namesilo,,,19/09/2026 16:43
f7ad4928-97c5-44f0-8e9d-fc69f68ea8c5,gunpowder.ink,available,25.2,25.2,high,low,9,cloudflare,,,29/09/2026 12:59
bdb32fef-8098-422b-82b6-0acc4bfafd90,fiend.ink,available,2.98,43.98,medium,low,5,namecheap,,,17/08/2026 21:54
793ed499-0a66-4b4d-a1a5-98fbf435a750,maharashtra.ink,available,2,26.97,medium,low,11,dynadot,,,29/09/2026 03:41
1d497411-7c12-4aaf-8f96-06c9cad15466,forces.ink,available,2.98,43.98,high,low,6,namecheap,,,16/09/2026 15:45
9cb496d0-32ca-48ec-871d-7ccda44a3230,eliminated.ink,available,2.99,32.49,medium,low,10,namesilo,,,28/09/2026 17:04
f7987f92-5f0c-44f3-b2ff-832c9365a20c,hernando.ink,available,25.2,25.2,medium,low,8,cloudflare,,,30/09/2026 05:31
57b036a4-9e0a-417c-9b50-ee10a7e11cb4,diffused.ink,available,2.98,43.98,medium,low,8,namecheap,,,14/08/2026 07:08
aec12c5c-341f-442a-86a3-4c7ed6a5f01e,bastille.ink,available,2.99,32.49,high,low,8,namesilo,,,22/09/2026 12:48
182995f2-7b19-4993-96e4-7dd50c1a84cf,fisheye.ink,available,2.98,43.98,high,low,7,namecheap,,,18/08/2026 05:28
b9f30246-794c-409f-b18f-3ce997c9a419,numberless.ink,available,2.98,43.98,high,low,10,namecheap,,,13/08/2026 03:42
cb4f4ff8-6728-46f8-bbcd-95a452c13bed,futureless.ink,available,2.98,43.98,low,low,10,namecheap,,,18/08/2026 19:15
bc79ef5b-21f6-4784-bc26-1a417e23688f,cassel.ink,available,2,26.97,high,low,6,dynadot,,,30/09/2026 13:49
ec77ef5e-ba8a-4cd9-adbf-8d99c8d58b7c,strained.ink,available,2.98,43.98,high,low,8,namecheap,,,23/09/2026 21:17
9c1fbdcf-52a3-4457-8745-54a412687ca8,cnt.ink,premium,116,116,high,low,3,namesilo,,,01/10/2026 23:15
ec0e5a19-9833-4524-95e2-20d5987656bd,ostensive.ink,available,2.98,43.98,medium,low,9,namecheap,,,04/09/2026 18:31
566fd765-a30e-4be4-a7ef-2b7b8526416f,peterborough.ink,available,2.99,32.49,medium,low,12,namesilo,,,28/09/2026 07:36
975959f8-e8e3-4f30-b8e1-30d1d7862124,frugal.ink,available,2.98,43.98,high,low,6,namecheap,,,18/08/2026 16:57
669dc747-bbc1-4ee0-b418-6caabc88858e,appal.ink,available,2.98,43.98,medium,low,5,namecheap,,,18/09/2026 01:52
12f5a530-b71f-4fc7-b9b3-5ada7876c561,pastime.ink,available,2.98,43.98,high,low,7,namecheap,,,01/10/2026 02:31
db5f0878-e62f-4198-a72a-0aea089d7bc2,mackie.ink,available,2.99,32.49,medium,low,6,namesilo,,,30/09/2026 05:44
b8f43136-1821-476f-a7e7-c8182b59c000,constrained.ink,available,2.99,32.49,medium,low,11,namesilo,,,01/10/2026 22:42
3a51f4ca-cf52-4a94-832b-92888cff942c,chasten.ink,available,2.98,43.98,medium,low,7,namecheap,,,11/09/2026 07:42
dcab7e80-bfab-40f2-be07-f3a1586aba4f,flatbush.ink,available,2,26.97,medium,low,8,dynadot,,,30/09/2026 22:06
b0951ff6-8357-4c50-97af-89108d34b9fa,trouble.ink,available,2.99,32.49,high,low,7,namesilo,,,24/09/2026 07:29
88692d8a-2e3e-48fb-94fb-b9dfb7882225,vinton.ink,available,2.06,26.26,medium,low,6,porkbun,,,30/09/2026 21:54
12e42d4c-7cec-4f92-9f08-164153cbe7bd,chat.ink,resell,,,high,medium,4,Alibaba Cloud Computing Ltd. d/b/a HiChina (www.net.cn),30/09/2021 21:26,30/09/2027 23:59,26/09/2026 04:52
4b6eda60-e064-4ecc-a7bf-59c5b0a17c53,fagot.ink,available,2.98,43.98,medium,low,5,namecheap,,,09/09/2026 07:59
b65c3083-fe16-4b71-88e0-ad5856d70fb0,nicene.ink,available,2.98,43.98,medium,low,6,namecheap,,,03/09/2026 17:01
bcd20c21-1da6-4537-926d-d4b2d1cd95c2,babar.ink,available,2.98,43.98,medium,low,5,namecheap,,,21/09/2026 12:14
ad8efb8b-5e7e-44e0-95da-63c5fa87cda1,ponds.ink,available,2.98,43.98,medium,low,5,namecheap,,,18/09/2026 22:37
67fbbddc-363c-4720-9581-3351df997706,floodwaters.ink,available,2.99,32.49,medium,low,11,namesilo,,,21/09/2026 03:37
e5d4d511-e42a-4958-b397-ad5d518dbe23,borodin.ink,available,2.98,43.98,high,low,7,namecheap,,,18/09/2026 05:02
02b8749f-d88a-45ce-8a64-9d45c15ebce9,arcsecond.ink,available,2.99,32.49,medium,low,9,namesilo,,,20/09/2026 02:41
e1e7b589-d46e-410a-9e21-ea6f0c6a052e,conventionally.ink,available,2.99,,medium,low,14,name.com,,,
08f1b892-99df-4231-b30d-a67649aee371,macarthur.ink,available,2.98,43.98,high,low,9,namecheap,,,25/09/2026 20:07
0cf0ffc0-952b-444e-a599-d897417138ba,spherical.ink,available,2.98,43.98,high,low,9,namecheap,,,08/08/2026 10:21
a88786d5-20e2-4d2b-bcc1-56081a6e9661,erick.ink,available,25.2,25.2,high,low,5,cloudflare,,,01/10/2026 23:37
d3b8091f-3948-4fd4-b442-588b65a9eede,heuristics.ink,available,1.75,26.08,medium,low,10,spaceship,,,02/10/2026 02:40
a578cec7-9561-4c26-9011-8b15b12d7531,resistances.ink,available,2.99,32.49,medium,low,11,namesilo,,,01/10/2026 00:39
4015203c-06cd-4171-b401-eb7b609fc10e,accompanying.ink,available,2.99,32.49,medium,low,12,namesilo,,,29/09/2026 06:23
a72093f2-c258-4e78-955d-fba9f00d17ac,tipping.ink,available,1.75,26.08,medium,low,7,spaceship,,,29/09/2026 23:33
d948b861-61fc-4442-ad6c-20d76fd0159e,affordable.ink,premium,224,224,high,low,10,namesilo,,,21/09/2026 21:59
0d9b9abf-3803-4446-8a96-3f57bdcac477,fading.ink,available,2.99,32.49,medium,low,6,namesilo,,,21/09/2026 01:33
98103858-12e2-423d-ac0e-1f07f2a8a92b,teetotal.ink,available,2.98,43.98,medium,low,8,namecheap,,,11/09/2026 10:14
aa203ada-63bb-4cec-aa1c-6ca287aee181,widows.ink,available,2.99,32.49,medium,low,6,namesilo,,,30/09/2026 00:25
c406f62b-ab2d-4371-8a5a-5b0c830107cf,timbers.ink,available,1.75,26.08,high,low,7,spaceship,,,02/10/2026 01:33
226fc5e5-0355-45b9-b0cc-0c4c832000f4,veg.ink,premium,116,116,high,low,3,namesilo,,,30/09/2026 14:22
0991270c-5ca8-48f3-b78b-30c724407ef6,octavo.ink,available,2.99,32.49,high,low,6,namesilo,,,16/09/2026 12:43
211a78be-d5de-42d0-8551-4ea70c883364,resurgent.ink,available,2.98,43.98,high,low,9,namecheap,,,09/09/2026 13:53
d9dddd2d-6cea-42e0-9e78-4af6ad6dd887,silesian.ink,available,25.2,25.2,medium,low,8,cloudflare,,,29/09/2026 03:15
f25305d4-edc1-4a17-b095-94543d4a1649,advocator.ink,available,2.99,32.49,medium,low,9,namesilo,,,17/09/2026 11:45
4f158386-755c-44ae-8941-681c48f2e506,fourteenth.ink,available,,,high,low,10,,,,
d13600c1-099a-4040-9907-fbed5e48b0fa,drew.ink,premium,116,116,high,low,4,namesilo,,,25/09/2026 00:05
c43374d2-0fe9-4e24-b8f2-e438e9524e19,groundless.ink,available,2.98,43.98,medium,low,10,namecheap,,,08/08/2026 21:49
c1d2b763-a8aa-4da2-9ecc-a68f754429ca,bases.ink,available,2.98,43.98,medium,low,5,namecheap,,,17/09/2026 21:42
34e0f48f-5439-43d1-8cd4-c3c5ffae00d5,roarer.ink,available,2.99,32.49,medium,low,6,namesilo,,,22/09/2026 16:57
42625dfa-b6b5-454a-a6a5-734a7d01adb3,unaged.ink,available,2.98,43.98,medium,low,6,namecheap,,,12/09/2026 00:11
2ab43790-a5c1-4c01-9c15-24ebcb5ae7b2,inclusive.ink,available,2.98,43.98,high,low,9,namecheap,,,22/08/2026 01:35
c276f2f1-68ee-4347-8d5d-99ab67882525,biform.ink,available,2.98,43.98,high,low,6,namecheap,,,09/08/2026 20:07
5b3cf5fd-ee75-43af-b48d-ea0fe4a37b47,tragic.ink,available,25.2,25.2,medium,low,6,cloudflare,,,28/09/2026 09:28
4df782db-b210-4d20-ad90-f28068c400ec,forehead.ink,available,2.99,32.49,high,low,8,namesilo,,,29/09/2026 04:37
93c9fe3d-468c-4be6-85a8-6f6c3acfc3e5,barrel.ink,available,2.99,32.49,high,low,6,namesilo,,,22/09/2026 08:08
65de6b49-3c59-4844-bd23-80d958f2deab,torque.ink,available,2.99,32.49,high,low,6,namesilo,,,01/10/2026 21:57
866b5b38-9d28-4bef-8016-56bc49ab5d50,scratched.ink,available,1.75,26.08,medium,low,9,spaceship,,,01/10/2026 18:37
abdcbb99-e3c1-4757-aafb-243a293bf347,glowingly.ink,available,2.98,43.98,medium,low,9,namecheap,,,14/09/2026 21:48
5ec9b42f-c106-44eb-8bd4-7a65be863915,grandfather.ink,available,1.75,26.08,high,low,11,spaceship,,,30/09/2026 22:05
7845da2b-af21-44b7-aa9b-5b27007f8021,baines.ink,available,1.75,26.08,medium,low,6,spaceship,,,30/09/2026 21:38
73962e37-1955-41e1-9569-cc35c1611a3d,roar.ink,available,2.99,32.49,high,low,4,namesilo,,,27/09/2026 15:38
1e8abe97-f1e1-476f-b462-417cd9b89e7c,specific.ink,available,2.99,32.49,high,low,8,namesilo,,,27/09/2026 02:45
03f31450-41ff-4740-878e-e243ecd63246,checkup.ink,available,2.98,43.98,high,low,7,namecheap,,,24/08/2026 18:57
5bedd891-a234-441b-8608-845f3a3173b3,steam.ink,premium,258.95,258.95,high,medium,5,spaceship,,,30/09/2026 11:57
0eddb379-c29b-4379-b6f2-0914218eb551,pasang.ink,available,2.99,32.49,medium,low,6,namesilo,,,23/09/2026 12:24
47c00428-6843-4435-9aa2-6c33969a9f23,ryukyu.ink,available,1.75,26.08,medium,low,6,spaceship,,,30/09/2026 21:22
92886a49-46d2-40a9-a1b6-9cb0d0856592,mammalian.ink,available,2.98,43.98,medium,low,9,namecheap,,,24/08/2026 14:19
8766bb3a-ec3e-4d93-a8c3-e3d05a236baa,recreation.ink,available,1.75,26.08,medium,low,10,spaceship,,,01/10/2026 15:30
7e0da48f-b49a-427d-ab09-3a8d1246d1b6,topping.ink,available,2.98,43.98,high,low,7,namecheap,,,11/09/2026 17:36
a4d831b8-31ef-4f6f-aed4-e97384f28b81,manuals.ink,available,2.98,43.98,medium,low,7,namecheap,,,20/09/2026 09:33
8044f35c-3379-42d0-9b10-61b9c92027c7,luther.ink,available,2.99,32.49,high,low,6,namesilo,,,25/09/2026 23:29
be93152a-c6ad-480d-adfb-50ab2c2bac18,groomed.ink,available,2.98,43.98,high,low,7,namecheap,,,20/08/2026 20:15
eb6fc77d-cebc-47f2-a43f-6aa1c61b218c,tunic.ink,available,2.98,43.98,high,low,5,namecheap,,,17/09/2026 10:34
8fef81cf-4b2a-4ce6-92d2-f52109377797,belloc.ink,available,2.98,43.98,medium,low,6,namecheap,,,23/09/2026 06:16
116e0613-faaa-45d9-85fe-49c287c3fb44,details.ink,available,1.75,26.08,high,low,7,spaceship,,,29/09/2026 14:12
f327ff11-a8b0-479a-b232-209bbfdc1b85,angling.ink,available,2.99,32.49,high,low,7,namesilo,,,19/09/2026 06:50
ea4ecf84-20af-4f50-82d1-e57e22bda703,rattled.ink,available,2.98,43.98,medium,low,7,namecheap,,,18/08/2026 09:33
178c8172-99a3-4e75-9d59-3e56fedb2b51,sinewy.ink,available,2.98,43.98,medium,low,6,namecheap,,,11/08/2026 02:52
c096e672-ac76-488c-bc23-de2ad2b44464,quarrying.ink,available,2,26.97,medium,low,9,dynadot,,,02/10/2026 06:09
674b1fd7-18ae-4f6e-ac71-b7b75b42497a,epicurean.ink,available,2.98,43.98,high,low,9,namecheap,,,17/08/2026 10:40
984f6a64-1041-467c-ae1f-9ac7133db028,aerie.ink,available,2.98,43.98,high,medium,5,namecheap,,,
84651791-7bf0-4084-869e-7218e94f474d,mazed.ink,available,2.98,43.98,medium,low,5,namecheap,,,07/08/2026 12:07
f0df0542-738f-4c77-bf0f-17e13097b4f7,difficulty.ink,premium,51.95,51.95,high,low,10,spaceship,,,29/09/2026 14:54
c98d5e60-5da9-4f53-a60a-f5e54ad3bb67,wondered.ink,available,1.75,26.08,high,low,8,spaceship,,,01/10/2026 17:45
e28a41b4-5a59-4a81-98e3-57f18b224fb3,dolly.ink,available,2.99,32.49,high,low,5,namesilo,,,27/09/2026 13:05
6773a68e-a033-487a-ac62-978c2ba41e29,tantrum.ink,available,2.98,43.98,medium,low,7,namecheap,,,18/08/2026 05:41
340f4d17-1ea1-4b08-b8e3-6ea4bfa8fe71,bowfront.ink,available,2.98,43.98,high,medium,8,namecheap,,,10/08/2026 23:19
b79cba17-0867-464e-9b69-028d29c9659e,fairview.ink,available,1.75,26.08,medium,low,8,spaceship,,,28/09/2026 16:52
3b25de32-b71a-48dd-8d0e-056c01638c5b,jacobean.ink,available,2.98,43.98,high,low,8,namecheap,,,22/08/2026 11:47
5438add5-798f-409a-9b00-1021ca0dcd29,infirmary.ink,available,2.99,32.49,high,low,9,namesilo,,,29/09/2026 13:04
b1d4719a-b7c7-4dc1-ba9d-bca7c5663de6,safest.ink,available,2.99,32.49,high,low,6,namesilo,,,20/09/2026 20:39
9e59f7ca-7f3e-4f51-b4a4-c5ef97093e5b,transmitting.ink,available,2.99,32.49,medium,low,12,namesilo,,,29/09/2026 10:14
136d861e-b5de-4935-ab26-8e780aa6c592,premium.ink,premium,845,845,high,medium,7,namecheap,,,27/09/2026 05:00
9a83520c-c674-4417-b0f9-4a7aa9e73c45,athanasius.ink,available,2.98,43.98,medium,low,10,namecheap,,,20/09/2026 20:26
7f7cf711-4010-465d-98b0-308f72cb9006,scaled.ink,available,2.98,43.98,high,low,6,namecheap,,,09/09/2026 22:20
d3579c95-7920-467d-ac51-7325db1a7b44,motivate.ink,available,2.99,32.49,high,low,8,namesilo,,,27/09/2026 07:34
05ff9993-d8c1-482b-a47a-2e9174ee9197,egotistic.ink,available,2.98,43.98,medium,low,9,namecheap,,,12/08/2026 19:55
c02e47e3-62f3-4da5-8258-4f43c860daee,middle.ink,available,2.99,32.49,high,low,6,namesilo,,,23/09/2026 13:24
9803192f-10f6-4827-9f4e-7356c462be55,thatch.ink,available,2.99,32.49,medium,low,6,namesilo,,,24/09/2026 02:04
07367637-a927-460b-bfea-797dbefb0a9d,ramesh.ink,available,2.99,32.49,medium,low,6,namesilo,,,02/10/2026 00:05
ff70865e-046d-46e4-b785-72d90b22c119,acridid.ink,available,2.99,32.49,medium,low,7,namesilo,,,17/09/2026 02:59
c01123b4-e9a1-495c-afa6-a8d8226ed288,exits.ink,available,2,26.97,medium,low,5,dynadot,,,28/09/2026 17:05
e573d9f1-19a8-45bd-9129-019629a2e77e,agromania.ink,available,2.98,43.98,medium,low,9,namecheap,,,17/09/2026 19:38
46ddd8c6-4782-440e-918d-0ec0f9a25663,kia.ink,premium,130,130,high,low,3,namecheap,,,29/09/2026 20:51
9e4326c2-489d-4dc0-95ee-31d56804019a,sugarless.ink,available,2.98,43.98,medium,low,9,namecheap,,,19/09/2026 15:11
7fa07268-897d-43d9-9b2b-6b2455ac6460,sigurd.ink,available,1.75,26.08,medium,low,6,spaceship,,,30/09/2026 02:51
17ec0de6-07d3-4255-a691-131276618db6,karma.ink,resell,,,high,medium,5,,,,29/09/2026 07:24
8494c471-97de-4e06-99e8-084d67af1993,mid.ink,premium,130,130,high,low,3,namecheap,,,01/10/2026 03:57
7317006a-6caa-4595-8a04-66b918dd2f41,allocator.ink,available,2.98,43.98,medium,low,9,namecheap,,,18/09/2026 11:47
8ee4ea39-dbe3-4cbf-96ff-78fd5338345c,fireplace.ink,available,2.99,32.49,high,low,9,namesilo,,,28/09/2026 14:11
315dffb7-8ed7-4aae-877a-00ef827de8f2,trumpery.ink,available,2.98,43.98,medium,low,8,namecheap,,,18/08/2026 23:50
796aad9f-0ce4-4337-88b8-60a3aa842dd5,underway.ink,available,2.98,43.98,high,low,8,namecheap,,,12/09/2026 07:42
cb8b0c51-b9ea-4c28-82a1-0ffca398b59b,betrothal.ink,available,2.99,32.49,medium,low,9,namesilo,,,23/09/2026 11:34
cef3bdcd-0059-4871-9bea-a60b50fbb8d2,swore.ink,available,2.06,26.26,medium,low,5,porkbun,,,28/09/2026 04:28
b25e6824-35ae-419c-a2bf-9db210cd26a4,sits.ink,available,2.98,43.98,medium,low,4,namecheap,,,17/09/2026 03:03
9bf699fd-a5e8-4440-a661-d7891f680963,divisions.ink,available,2.99,32.49,medium,low,9,namesilo,,,29/09/2026 04:40
ac6d66ab-e231-428a-99dc-ef5b96b8caac,besides.ink,available,25.2,25.2,medium,low,7,cloudflare,,,28/09/2026 11:58
c5f205e3-83a7-43e3-9dfc-a5278feac3de,opposed.ink,available,2.98,43.98,high,low,7,namecheap,,,04/09/2026 16:45
6663a610-aee0-4073-bf12-13e0ac6704d9,donaldson.ink,available,2.99,32.49,medium,low,9,namesilo,,,27/09/2026 01:45
23ea6200-7ecf-4a37-aeab-f126e028ef65,scooter.ink,available,2.06,26.26,high,low,7,porkbun,,,30/09/2026 01:57
4d80e072-2331-4da0-9d72-9317fc3b2179,bevan.ink,available,2.98,43.98,medium,low,5,namecheap,,,29/09/2026 21:45
d313800c-aa4d-4054-9015-bfa808e3895f,scapular.ink,available,2.98,43.98,medium,low,8,namecheap,,,09/09/2026 22:51
f49be518-becb-470e-b8d1-e3641dfa6711,slicked.ink,available,2.98,43.98,medium,low,7,namecheap,,,08/09/2026 20:52
798d2f71-a9e3-4ebf-9dfd-0645692ec0c5,ruly.ink,available,2.98,43.98,high,medium,4,namecheap,,,09/09/2026 19:21
49cde50f-f633-4bd2-8d1b-e762fd3b6a13,charivari.ink,available,2.98,43.98,high,low,9,namecheap,,,23/09/2026 06:08
42b72698-2214-43cb-b094-48dde494497d,acapulco.ink,available,2.98,43.98,high,low,8,namecheap,,,16/09/2026 21:10
82a7f1e9-77c6-450a-9883-6c3a03a47dfd,quilting.ink,available,1.75,26.08,high,low,8,spaceship,,,30/09/2026 09:05
53c4a8cb-125f-44c2-883d-3e5d7638aee5,fickle.ink,available,2.98,43.98,medium,low,6,namecheap,,,17/08/2026 12:48
39532700-87ac-4fef-a306-cb037804631a,marly.ink,available,2.98,43.98,medium,low,5,namecheap,,,24/08/2026 16:08
92069a46-b4ea-40e2-a458-87bd1dab0fd8,donovan.ink,available,2.98,43.98,high,low,7,namecheap,,,28/09/2026 16:02
9c168008-3ca2-4250-a861-8cf7b7f76f4d,sounded.ink,available,2.99,,medium,low,7,name.com,,,
99bc7b59-50f8-4f1e-bf86-ee5fee0d4961,formulary.ink,available,2.98,43.98,medium,low,9,namecheap,,,18/08/2026 12:20
33db26ba-fab5-428f-9040-b9dd2c7a5965,solidly.ink,available,2.98,43.98,medium,low,7,namecheap,,,16/09/2026 04:03
c209f135-0c84-48e0-a5cb-eccabb98f548,dispensaries.ink,available,2.99,32.49,medium,low,12,namesilo,,,02/10/2026 03:34
429c7fe4-6fbd-4f08-8649-48839d274833,aileron.ink,available,2.98,43.98,medium,low,7,namecheap,,,17/09/2026 21:10
ad1fa2b9-4a71-4bf8-9831-324d68d10d53,adopting.ink,available,2.06,26.26,medium,low,8,porkbun,,,30/09/2026 06:46
a3e885c3-bc73-4add-8faf-0f039536bf88,moons.ink,available,1.75,26.08,high,low,5,spaceship,,,30/09/2026 05:51
ff3acd91-9356-4448-b340-7cf1a3670fe5,angus.ink,available,2.99,32.49,medium,low,5,namesilo,,,16/09/2026 15:11
c9101b34-ad23-4b5e-a6e6-354f39f71449,interfere.ink,available,2.99,32.49,high,low,9,namesilo,,,28/09/2026 03:20
bc21b1bd-0814-4b95-a730-5c3719cd389c,boys.ink,resell,,,high,low,4,"Spaceship, Inc.",19/07/2026 00:00,19/07/2027 00:00,26/09/2026 04:34
b2c6db2b-d28e-44d5-8225-c1b92fb6f4f8,namur.ink,available,2.98,43.98,medium,low,5,namecheap,,,30/09/2026 18:07
b1a93c35-9a9d-4606-8820-4fddc9edabba,displacement.ink,available,25.2,25.2,high,low,12,cloudflare,,,29/09/2026 21:00
f06ac33b-a110-4dfb-bdc0-dd4d3c79e5e9,catoptric.ink,available,2.98,43.98,medium,low,9,namecheap,,,11/08/2026 22:12
b1a50a60-1042-4c6c-af7c-06d8f0832445,pendleton.ink,available,2.98,43.98,high,medium,9,namecheap,,,27/09/2026 08:11
9d10faf6-84dc-4fb6-9201-0c243e14be77,theology.ink,available,25.2,25.2,high,low,8,cloudflare,,,29/09/2026 14:03
e094376d-5f92-40bd-aeac-62ba968c8943,jubilee.ink,available,2.99,32.49,high,low,7,namesilo,,,30/09/2026 17:45
3946f350-9ac7-4bd0-96b3-d42247ac31bd,scenes.ink,available,2.99,32.49,medium,low,6,namesilo,,,18/09/2026 15:27
39bf8464-3518-4bb8-b8a3-8b24bc9106a6,blanquillo.ink,available,2.99,32.49,medium,low,10,namesilo,,,24/09/2026 04:04
58e3b538-08c5-4fa4-9167-f100c9517f31,snoek.ink,available,2.99,32.49,medium,low,5,namesilo,,,22/09/2026 07:53
de4f2c9f-adba-4d74-8d92-798e1e84808c,ringtail.ink,available,2.99,32.49,medium,low,8,namesilo,,,22/09/2026 12:08
23b29a4a-7b89-410e-86fd-8fc36b375181,finale.ink,available,2.99,32.49,high,low,6,namesilo,,,23/09/2026 14:46
4a306a7c-7692-4677-aa20-51c1d9d7e5d5,forerunners.ink,available,1.75,26.08,medium,low,11,spaceship,,,01/10/2026 18:42
779528a0-9456-4796-9833-e446cb5e37ba,zdv.ink,premium,130,130,medium,low,3,namecheap,,,21/09/2026 11:32
cbed3b19-b10a-465b-bf4b-771564adac2c,unveiling.ink,available,2.99,32.49,high,low,9,namesilo,,,30/09/2026 16:57
a8208afa-2704-499e-bcc9-76c88bca55cc,moistly.ink,available,2.98,43.98,low,low,7,namecheap,,,14/09/2026 10:31
d74d8eff-bad3-4e33-b739-7b7b3e0e9a2e,stores.ink,premium,116,116,high,low,6,namesilo,,,29/09/2026 20:02
3e57f24c-44a6-4598-8a15-97a8cf1445c8,smithsonian.ink,available,2.99,32.49,high,low,11,namesilo,,,25/09/2026 12:40
f1a7a2e6-b2f8-41f8-9e27-6d05655c8f75,dramatic.ink,available,2.99,65.99,high,low,8,name.com,,,24/09/2026 12:04
2c3024f3-eba3-4888-b8f2-66ae02f279be,screened.ink,available,2.98,43.98,medium,low,8,namecheap,,,30/09/2026 00:45
20cc0cf9-ad7e-4a1f-b0e0-a09ccce78af3,astronium.ink,available,2.98,43.98,medium,low,9,namecheap,,,20/09/2026 18:03
4f1f11e5-976b-4a82-83ea-b800dc50493e,betoken.ink,available,2.98,43.98,medium,low,7,namecheap,,,21/09/2026 03:31
0807fb61-981f-4709-9a6b-f8e8f7bcc73d,regulatory.ink,available,2.98,43.98,high,low,10,namecheap,,,09/09/2026 13:17
5973c6cc-351f-4f4e-9525-5a4f922635b4,gaining.ink,available,1.75,26.08,medium,low,7,spaceship,,,28/09/2026 11:29
3b1971e5-ec4e-4360-9cdb-57db2413719b,knitted.ink,available,2.98,43.98,medium,low,7,namecheap,,,22/08/2026 16:27
5c6d06ff-64c2-451a-8cd1-4e236fc76e1c,contests.ink,available,2.99,32.49,medium,low,8,namesilo,,,30/09/2026 00:34
9b21f63e-8afb-4e77-9f4e-3423b599752b,joseph.ink,premium,116,116,high,low,6,namesilo,,,24/09/2026 14:32
6e862d92-34b7-4d3a-8136-3c65ebe80f30,smarted.ink,available,2.99,32.49,medium,low,7,namesilo,,,20/09/2026 16:41
dd3d61fc-6ee8-4ee2-9d7d-49bd649f458e,ribosomes.ink,available,2.99,32.49,low,low,9,namesilo,,,02/10/2026 03:56
f3d9471d-641a-4f53-84f6-d233b7213076,crucifix.ink,available,25.2,25.2,high,low,8,cloudflare,,,30/09/2026 16:50
9b8da3d1-6d39-458a-a4bd-2e50085c2fa3,anisoptera.ink,available,2.98,43.98,medium,low,10,namecheap,,,19/09/2026 09:34
22d41c7d-012d-4115-a53e-f48669e1e1a8,tantrik.ink,available,2.98,43.98,medium,low,7,namecheap,,,11/09/2026 08:07
115a811c-105c-4e27-84b7-ea0b7ff97644,analytic.ink,available,2.98,43.98,high,low,8,namecheap,,,
95724b69-32aa-4aaf-9eda-dfee838042ce,acerb.ink,available,2.98,43.98,medium,low,5,namecheap,,,
9c53d102-7b52-43f4-b9d4-c1159eb49705,meshed.ink,available,2.98,43.98,medium,low,6,namecheap,,,24/08/2026 20:57
5f7e2922-a759-42e2-ae26-5087a1ff56b6,inhalant.ink,available,2.98,43.98,high,low,8,namecheap,,,22/08/2026 05:02
565e0840-3bb2-4413-b30e-4d6d25eaee5d,yourself.ink,available,2.98,43.98,high,low,8,namecheap,,,25/09/2026 12:53
0b87f71d-bc50-4018-83db-12a3f0e63146,henley.ink,available,2.98,43.98,high,low,6,namecheap,,,28/09/2026 03:36
818e4bb0-e975-4fa5-b286-8963d51ae536,coeliac.ink,available,2.98,43.98,medium,low,7,namecheap,,,12/08/2026 15:21
0e8664a3-c295-445c-8cc1-9b7a07c08d90,achievement.ink,available,2.98,43.98,high,low,11,namecheap,,,28/09/2026 08:12
49a9e845-f2a0-4fcf-9110-ff624edf79c3,circumstance.ink,available,25.2,25.2,high,low,12,cloudflare,,,29/09/2026 08:31
f7002a0f-3eef-4722-9072-1575abae0d66,insider.ink,resell,,,high,low,7,,,,29/09/2026 19:20
5fbc4f9a-8137-4c38-9112-f475f43ecd01,tiring.ink,available,2.98,43.98,medium,low,6,namecheap,,,11/09/2026 16:24
4b767232-4e22-476a-a232-17a609bbeef0,twinkly.ink,available,2.98,43.98,medium,low,7,namecheap,,,09/08/2026 04:13
6ecf10ac-e7c5-41b1-b9d5-2d49b977e48f,mind.ink,premium,325,325,high,medium,4,namecheap,,,24/09/2026 19:19
d5973356-d603-45f0-873e-817e9ccced79,suspended.ink,available,2.98,43.98,medium,low,9,namecheap,,,11/09/2026 04:55
4c48d336-7ca9-43ea-bacf-3f73ae166ec6,lakh.ink,available,2.98,43.98,medium,low,4,namecheap,,,21/08/2026 15:36
6bf0275f-2f4f-4ba7-85f1-4e79b57d1793,betrothed.ink,available,2.98,43.98,high,low,9,namecheap,,,09/08/2026 18:07
cfed5d51-dba8-4974-bb7f-303f166a66bc,cantonment.ink,available,2.98,43.98,medium,low,10,namecheap,,,11/08/2026 15:52
4c824c6c-9b81-4759-9b39-adbf3c5e203d,homage.ink,available,2.99,32.49,high,low,6,namesilo,,,30/09/2026 01:53
9aa49331-b976-451c-8cfd-b0983dc973b6,unassuming.ink,available,2.98,43.98,high,low,10,namecheap,,,27/09/2026 13:26
cbed2765-2845-4ae7-b57b-687bce0de74b,idealized.ink,available,2.98,43.98,high,low,9,namecheap,,,21/08/2026 17:58
57cf67b4-4cac-4bab-8956-0de7b5c20a89,nationwide.ink,available,2.99,32.49,high,medium,10,namesilo,,,24/09/2026 00:32
241c3681-ddfa-4c08-99c9-7a43950bc9f1,heedful.ink,available,2.98,43.98,medium,low,7,namecheap,,,
6be76482-c7b6-4025-a86b-81791c4a55eb,matey.ink,available,2.98,43.98,medium,low,5,namecheap,,,12/08/2026 07:40
47a57b14-6811-4610-bd9e-5ea282818960,absently.ink,available,2.98,43.98,medium,low,8,namecheap,,,13/09/2026 16:41
2f4df04f-f6d3-42be-9ce4-ab875d63774e,meshuga.ink,available,2.98,43.98,low,low,7,namecheap,,,24/08/2026 21:06
c2ec9365-3599-4d8c-986f-c2632070efc0,neurogenic.ink,available,2.98,43.98,medium,low,10,namecheap,,,03/09/2026 16:12
fd607fae-b2ce-4bd6-8468-ee36bc949c82,earns.ink,available,2.98,43.98,medium,low,5,namecheap,,,01/10/2026 18:15
1774421e-e81a-475a-8b6c-8fdfc3913828,owning.ink,available,2.99,32.49,medium,low,6,namesilo,,,20/09/2026 00:32
df5192a3-959c-4efe-9a3c-987d27f4d821,struggling.ink,available,2.98,43.98,medium,low,10,namecheap,,,10/09/2026 22:52
0c9025c7-3690-4609-91d7-72691a4eaf2f,impossibly.ink,available,2.98,43.98,medium,low,10,namecheap,,,15/09/2026 04:27
a540d7a8-cd49-4b14-9e62-f9591ce1cb8d,shingle.ink,available,25.2,25.2,high,low,7,cloudflare,,,01/10/2026 21:39
56b5fc34-525f-4357-a5ff-575df9895bd6,intermission.ink,available,25.2,25.2,high,low,12,cloudflare,,,01/10/2026 22:19
d3ebbda6-9ca8-4d34-9e19-43f890ee0906,dolomite.ink,available,2.99,32.49,medium,low,8,namesilo,,,23/09/2026 23:01
b1d2579d-6a54-4cbf-867a-387c023399ba,unhallowed.ink,available,2.98,43.98,medium,low,10,namecheap,,,12/09/2026 11:49
bb44b152-6926-4c3d-b3bc-d4bb9c3ad154,fertilizer.ink,available,2.98,43.98,high,low,10,namecheap,,,29/09/2026 06:53
4b9112f4-b44f-4973-851a-8a72a70836b8,paean.ink,available,2.98,43.98,high,low,5,namecheap,,,05/09/2026 00:45
9a21476a-8e7c-4f95-9e70-5b153d50cc83,riskless.ink,available,2.98,43.98,medium,low,8,namecheap,,,09/09/2026 17:59
8e0a82e7-0b35-4f4c-86c7-2912e6f21d2a,predaceous.ink,available,2.98,43.98,high,medium,10,namecheap,,,09/09/2026 01:22
6257ddfe-8768-4f1b-8a15-598b95c8253f,enteral.ink,available,2.98,43.98,medium,low,7,namecheap,,,17/08/2026 09:55
3991937a-c99d-4f14-8edd-44c743c02311,rasping.ink,available,2.98,43.98,medium,low,7,namecheap,,,20/08/2026 18:29
01c515fe-9ca0-49dd-911d-92fbc5a2792c,rickety.ink,available,2.99,65.99,medium,low,7,name.com,,,13/08/2026 20:34
fb595bcf-e426-47b6-9138-f204dd952719,pun.ink,premium,103.7,103.7,high,low,3,spaceship,,,30/09/2026 02:27
c8133c70-a828-4d14-80ec-767e17e95694,scold.ink,available,2.98,43.98,high,low,5,namecheap,,,24/09/2026 16:34
e6f11565-565c-4192-b977-fcb603723071,indispensable.ink,available,1.75,26.08,high,low,13,spaceship,,,01/10/2026 05:32
a09703dd-eab8-44a7-bc30-5e0978cf50b1,sss.ink,resell,,,high,low,3,,,,02/10/2026 06:22
0bd85c47-9065-43cb-8a2d-dd24c455bd0e,attended.ink,available,2.99,32.49,medium,low,8,namesilo,,,22/09/2026 11:17
6af0dc82-1c2b-4f88-bb3b-f64a122b7af2,leyte.ink,available,1.75,26.08,medium,low,5,spaceship,,,29/09/2026 01:34
d11d4e29-0d10-4688-b8f1-9ea8cbec53a5,gma.ink,premium,130,130,high,low,3,namecheap,,,29/09/2026 21:30
f71701fe-7f2a-4959-9812-a4b4f38a05a5,tomboyish.ink,available,2.98,43.98,medium,low,9,namecheap,,,21/08/2026 14:32
885f8c77-705b-4868-92fb-2afa7f53ecda,absinth.ink,available,2.98,43.98,medium,low,7,namecheap,,,16/09/2026 17:44
9a88abdb-6c90-4c50-afa3-c70b6ef34da2,larsson.ink,available,2.98,43.98,medium,low,7,namecheap,,,30/09/2026 13:36
40559d85-8e92-4518-b2b6-9753b5ef81ca,roseate.ink,available,2.98,43.98,high,medium,7,namecheap,,,09/09/2026 18:40
73d1e67e-0dcd-4d39-ba02-62c7f3be6de3,attested.ink,available,2.98,43.98,medium,low,8,namecheap,,,07/08/2026 15:41
834d3291-1eef-4972-9d0e-340efb781ca9,netherland.ink,available,2.99,32.49,medium,low,10,namesilo,,,30/09/2026 05:30
e268725f-58a4-466b-9b75-a24a8850e67f,alexis.ink,premium,116,116,high,low,6,namesilo,,,19/09/2026 02:23
c07eb29f-929a-4bfd-aed9-f32c0fee794f,cuvier.ink,available,2.98,43.98,high,low,6,namecheap,,,22/09/2026 07:06
cc4b54f9-e439-435b-a993-01a073e4f0c7,basseterre.ink,available,2.99,32.49,medium,low,10,namesilo,,,22/09/2026 12:18
977603d3-4348-4f6a-beb2-defa2e63a9df,kitts.ink,available,2.99,32.49,medium,low,5,namesilo,,,29/09/2026 09:58
36c8d4a1-6502-4bc1-b3d5-441d01de2cde,rumbling.ink,available,2.98,43.98,medium,low,8,namecheap,,,20/08/2026 20:34
1bfd460c-d32d-4fb7-9c54-e340c734ebdd,inner.ink,resell,,,high,low,5,"Sav.com, LLC - 43",21/04/2026 00:00,21/04/2027 00:00,26/09/2026 06:52
caf68ae8-4542-4714-b651-dea198bdfd49,cataloging.ink,available,1.75,26.08,medium,low,10,spaceship,,,02/10/2026 02:32
4660333e-293a-481e-b738-91a819a9a131,amnesia.ink,available,2.99,32.49,high,low,7,namesilo,,,18/09/2026 22:18
152842d4-c5f7-4e08-9f45-269674afce13,septuple.ink,available,2.98,43.98,medium,low,8,namecheap,,,10/09/2026 04:23
cc735c0a-0b3e-4216-adb9-1aff45692721,domination.ink,available,2.99,32.49,high,low,10,namesilo,,,24/09/2026 23:26
d6e98ab7-37a9-46ab-b257-b8fbc9256730,unfettered.ink,available,2.98,43.98,medium,low,10,namecheap,,,12/09/2026 04:56
cef3b0eb-c6ae-43c2-93a9-985f490088a3,igor.ink,resell,,,high,low,4,,,,28/09/2026 03:33
c4ba6858-251a-410b-beb6-ef1e5df98f3b,atropine.ink,available,2.99,32.49,medium,low,8,namesilo,,,21/09/2026 01:00
40bbdec9-d123-4a80-9744-b216e5a2f50e,pondering.ink,available,2.98,43.98,high,low,9,namecheap,,,11/08/2026 06:01
14ba5ab4-355f-4cc1-9933-22a1ea21c5a2,instructions.ink,available,2.99,65.99,high,low,12,name.com,,,25/09/2026 16:47
a47f00ec-89ff-43a0-bf7f-9a4bc16dde4b,holey.ink,available,2.98,43.98,medium,low,5,namecheap,,,21/08/2026 10:23
b6c7c506-6e6a-44da-901a-066f5019a727,airhead.ink,available,2.99,32.49,high,low,7,namesilo,,,17/09/2026 23:11
199747a1-02c6-44be-acb7-17b371e5abd5,schismatic.ink,available,2.98,43.98,medium,low,10,namecheap,,,09/09/2026 23:07
8acb3cd1-6d14-4bdc-a3c3-b19560fa922c,anchorite.ink,available,2.99,32.49,medium,low,9,namesilo,,,19/09/2026 03:44
4273b994-cca8-4782-b70f-21ee04d559a0,pillows.ink,available,1.75,26.08,medium,low,7,spaceship,,,01/10/2026 16:32
c27ea946-7c37-4805-ae93-5032b210bb4e,parent.ink,available,2.99,32.49,high,low,6,namesilo,,,30/09/2026 06:26
83072bc9-a3a0-4b0a-81d6-84481f085f7f,lotion.ink,available,2.98,43.98,high,low,6,namecheap,,,01/10/2026 02:55
6fdc5636-c830-4538-bfff-c89cc46b71d0,helpfully.ink,available,2.98,43.98,medium,low,9,namecheap,,,15/09/2026 00:07
27522e07-4ff1-4f3c-bbe9-29676bfa6b3d,adoptive.ink,available,2.98,43.98,high,low,8,namecheap,,,
7e5dda0b-5cae-483b-b992-4d6253e63f9e,mutiny.ink,available,2,26.97,high,low,6,dynadot,,,29/09/2026 13:30
4850f89b-99f5-4d82-bf91-1d43c46d0da8,pianoforte.ink,available,2.98,43.98,high,medium,10,namecheap,,,08/09/2026 19:29
cf71ab77-6d48-4f7e-8715-583b91fec0a2,skeletons.ink,available,25.2,25.2,medium,low,9,cloudflare,,,30/09/2026 06:36
e2dc2a6f-5a91-46ad-b2ca-96c42973359d,buttercups.ink,available,2.99,65.99,medium,low,10,name.com,,,20/09/2026 19:49
29eb0bc1-1e02-4401-a6c6-11e07908289b,fighters.ink,available,2.99,32.49,medium,low,8,namesilo,,,28/09/2026 05:05
aeddd51d-ce17-4a19-aef3-65772c32de9d,abscessed.ink,available,2.98,43.98,medium,low,9,namecheap,,,
ff6960e3-94f9-43dc-a5cd-41795b1f3720,barefoot.ink,available,2.98,43.98,medium,low,8,namecheap,,,08/08/2026 18:54
ce095e74-3455-45c2-8b0c-3ebb632b6dab,thames.ink,available,1.75,26.08,high,low,6,spaceship,,,01/10/2026 03:33
77133e6c-b2b3-40ae-9ecf-010ffa18242a,unmoved.ink,available,2.98,43.98,medium,low,7,namecheap,,,21/08/2026 23:45
df843d11-0eef-4ff2-a602-1007fa1bf106,unfeasible.ink,available,2.98,43.98,medium,low,10,namecheap,,,21/08/2026 22:56
99c50df0-912c-4797-a8e6-8c534fe74be3,weight.ink,available,2.98,43.98,high,low,6,namecheap,,,19/09/2026 19:07
01b7029e-4dbf-4883-8fa5-3ec8be98fad4,undeniably.ink,available,2.99,32.49,medium,low,10,namesilo,,,16/09/2026 09:52
a49ae7e6-f4ef-4a48-a0ef-3da3e1fbcea9,proponent.ink,available,2.99,32.49,high,low,9,namesilo,,,17/09/2026 11:45
523db1f6-0acc-497c-b322-640e53f96f80,beograd.ink,available,2.99,32.49,high,low,7,namesilo,,,23/09/2026 05:12
6be1d749-a2db-4f43-8f69-709faba14347,panes.ink,available,2.99,,medium,low,5,name.com,,,
bf5d0a12-7af4-4cfd-a63b-572200764395,stagnant.ink,available,2.98,43.98,medium,low,8,namecheap,,,25/08/2026 06:25
dd425e5f-622c-4b8d-b831-234be558f563,necks.ink,available,2.99,32.49,medium,low,5,namesilo,,,19/09/2026 20:42
eeb07d63-d76e-43ee-9940-fa0be4e52572,reasons.ink,available,2.98,43.98,medium,low,7,namecheap,,,25/09/2026 20:13
fff5a374-4331-484b-b54d-6757da5012cb,reanimated.ink,available,2.98,43.98,medium,low,10,namecheap,,,09/09/2026 10:58
9f081dc0-2c45-497c-bd88-2b249771b2e9,upcountry.ink,available,2.98,43.98,medium,low,9,namecheap,,,24/08/2026 22:37
cd04591d-08bf-40b2-b3a8-d616171ed23c,monique.ink,available,2.99,32.49,high,low,7,namesilo,,,30/09/2026 05:03
0689000c-5d63-4b72-985b-0035f1980e44,recklessly.ink,available,2.98,43.98,medium,low,10,namecheap,,,15/09/2026 22:49
90f029e5-a99c-41bf-a68f-45f4692555a5,temper.ink,available,2.99,32.49,high,low,6,namesilo,,,27/09/2026 04:28
17832455-0c29-4c02-80b7-30f31883c033,greyhound.ink,available,2.06,26.26,high,low,9,porkbun,,,30/09/2026 01:48
4b4a6f7b-6659-43de-9128-193dafdd8d13,imports.ink,available,2.99,49.99,low,low,7,godaddy,,,01/10/2026 00:34
66f4931f-a344-43b1-bf1f-22c63d33b822,fortissimo.ink,available,2.98,43.98,high,low,10,namecheap,,,18/08/2026 12:41
e47eef79-cbe9-4bab-9e92-f913f787ecd4,horsemen.ink,available,1.75,26.08,medium,low,8,spaceship,,,30/09/2026 23:19
e42b6153-8df9-4100-864c-6937a7356ef6,squashy.ink,available,2.98,43.98,medium,low,7,namecheap,,,10/08/2026 17:16
e15b2549-1e01-460b-9ff7-461998a07dae,teenage.ink,available,2.98,43.98,high,low,8,namecheap,,,11/09/2026 10:07
86ed170f-6488-40db-8eae-6445252a954c,dalhousie.ink,available,1.75,26.08,medium,low,9,spaceship,,,29/09/2026 21:41
e8cd7f86-74d3-47bf-9990-4ae95e89fb42,skillfully.ink,available,2.98,43.98,medium,low,10,namecheap,,,16/09/2026 02:07
f97b7d0d-a348-434b-a8db-3fedc2803151,animalism.ink,available,2.98,43.98,medium,low,9,namecheap,,,19/09/2026 08:55
174d8767-258d-4ff6-b4d5-3e132bffdc00,strangle.ink,available,2.99,32.49,medium,low,8,namesilo,,,30/09/2026 17:32
4c3be8cf-8866-4180-a2a5-7008fa25c60a,diapers.ink,available,1.75,26.08,medium,low,7,spaceship,,,02/10/2026 02:13
6838e107-97c0-471d-84a9-8bb0c1732010,she.ink,resell,,,high,low,3,"Spaceship, Inc.",25/07/2026 00:02,25/07/2027 00:02,30/09/2026 22:17
8a0121cb-1d76-4a68-8932-a2674d9c963f,chaves.ink,available,1.75,26.08,medium,low,6,spaceship,,,02/10/2026 00:42
5bc17dfc-ecba-4e93-8ad5-559a40c08998,corpse.ink,available,2.99,32.49,medium,low,6,namesilo,,,25/09/2026 22:01
5dc1d55a-b56c-420d-9c58-10b2a37fb40d,slapping.ink,available,1.75,26.08,high,low,8,spaceship,,,01/10/2026 06:01
4bb27937-7d47-430c-86be-66cc3dce5453,guiltless.ink,available,2.98,43.98,medium,low,9,namecheap,,,12/08/2026 10:18
b2df879d-bc4d-4357-8a9e-a8a9279c615b,collier.ink,available,2.99,32.49,medium,low,7,namesilo,,,02/10/2026 04:24
8ccfcd56-cd69-418d-b2a5-5e972edbbf3c,braces.ink,available,2.99,32.49,high,low,6,namesilo,,,24/09/2026 07:52
f1ee9e5d-a996-42e1-a82f-5700c893592f,diazo.ink,available,2.98,43.98,medium,low,5,namecheap,,,14/08/2026 06:23
c55cd679-cbf1-4b96-8f11-417fb64bc68c,susanne.ink,available,2.98,43.98,high,low,7,namecheap,,,30/09/2026 13:21
eae6dc9f-06fe-46d7-85f9-189f2836bbf9,helen.ink,premium,116,116,high,low,5,namesilo,,,25/09/2026 07:10
ecdfee58-5209-4e2b-8447-afc95187e39c,liberals.ink,available,2.99,32.49,medium,low,8,namesilo,,,01/10/2026 17:10
064928b1-a318-4ad3-9527-15c9764ea2fe,arouet.ink,available,2.99,32.49,medium,low,6,namesilo,,,20/09/2026 08:30
14569019-327a-44c2-b652-ef40e0f848a0,spermous.ink,available,2.98,43.98,high,medium,8,namecheap,,,10/09/2026 15:30
46271b0e-613b-456d-9139-7c8bee1d8877,kris.ink,premium,103.7,103.7,high,medium,4,spaceship,,,30/09/2026 09:17
6df4cd24-1d06-4a70-b0ca-649d2260ed6d,opencut.ink,available,2.98,43.98,medium,low,7,namecheap,,,04/09/2026 16:10
b1c17931-1518-4f73-968f-1c77eead5100,contributions.ink,available,2.99,32.49,low,low,13,namesilo,,,29/09/2026 10:13
e5c67509-63c5-47a8-bd24-27c670a6376c,attendee.ink,available,2.99,32.49,high,low,8,namesilo,,,21/09/2026 01:26
fad82130-485c-4b21-a68e-add8cbcca2db,began.ink,available,2.99,32.49,medium,low,5,namesilo,,,
25620c96-57ef-4380-8667-c50a5f0111ec,sidney.ink,available,2.99,32.49,high,low,6,namesilo,,,27/09/2026 05:44
e95bf019-cf41-4998-8f39-379186c7f953,discard.ink,available,1.75,26.08,high,low,7,spaceship,,,29/09/2026 15:21
e14fd51e-17cf-4c00-a5f3-d0d75e99cc25,lineal.ink,available,2.98,43.98,medium,low,6,namecheap,,,23/08/2026 14:16
25a34b69-2d21-4b54-9a64-e6a951b11cb8,sudbury.ink,available,1.75,26.08,medium,low,7,spaceship,,,28/09/2026 06:48
145e6ebc-f3a2-4ad1-9c46-c2cc94ed1682,unethical.ink,available,2.98,43.98,medium,low,9,namecheap,,,12/09/2026 09:19
4f6d4cda-f38c-4184-a98a-122d250ad288,nobleman.ink,available,2.98,43.98,high,low,8,namecheap,,,03/09/2026 18:00
11beae2a-a835-42e5-a805-91b56a0200ac,staples.ink,available,2,26.97,high,medium,7,dynadot,,,02/10/2026 02:18
7c9424e2-81bc-474d-8525-ba94bf330cc9,andy.ink,premium,116,116,high,medium,4,namesilo,,,25/09/2026 12:45
f7a711be-167c-4b08-9df4-837d85cf942b,abyssinian.ink,available,2.98,43.98,high,low,10,namecheap,,,16/09/2026 19:54
c25d1238-2317-40e1-a764-26be1565eb78,illustration.ink,premium,103.7,103.7,high,low,12,spaceship,,,30/09/2026 14:22
241a82f7-1730-4138-9f83-5d6fc23cbfb6,announced.ink,available,2.98,43.98,high,low,9,namecheap,,,22/09/2026 05:10
e6856b26-e87b-4245-816e-a6bb8b3a4382,bead.ink,available,2.99,32.49,high,low,4,namesilo,,,29/09/2026 01:38
e97c3223-f041-49ad-82b5-da80e25996ed,mammals.ink,available,2.06,26.26,medium,low,7,porkbun,,,30/09/2026 06:09
76af7056-880c-4289-8815-82d995f7550b,defines.ink,available,25.2,25.2,medium,low,7,cloudflare,,,30/09/2026 15:14
5b00b218-5fc4-4885-851e-5efd35ff50fc,senegalese.ink,available,2.98,43.98,medium,low,10,namecheap,,,10/09/2026 03:43
b32076ea-6983-453b-82df-054b7bfe0f2d,microwave.ink,available,1.75,26.08,high,low,9,spaceship,,,30/09/2026 04:20
8518b895-1776-4402-91be-83528968cb21,declining.ink,available,1.75,26.08,medium,low,9,spaceship,,,01/10/2026 21:27
b36fe3f8-2f2d-4ccd-b20f-cfadfb3b8f1d,infected.ink,available,2.98,43.98,high,low,8,namecheap,,,22/08/2026 04:09
11337114-85ae-41f7-978d-7a2a34018e89,skipping.ink,available,1.75,26.08,high,low,8,spaceship,,,29/09/2026 08:59
49b3ea3b-33ad-4c9d-ac71-f0ca16a6ce99,aloes.ink,available,2.99,32.49,medium,low,5,namesilo,,,18/09/2026 13:07
f081ef7f-3107-44fa-994c-08ccb35c03ee,dynamite.ink,available,2.99,32.49,high,low,8,namesilo,,,25/09/2026 22:28
05f1aa9f-eb48-4c06-9e20-3a6b513f8fe2,rudolf.ink,available,2.99,32.49,high,low,6,namesilo,,,25/09/2026 15:40
792d7dc2-85f3-4292-8e70-18e6863f23a3,negroid.ink,available,2.98,43.98,medium,low,7,namecheap,,,03/09/2026 15:14
31e8bb25-ca7c-454b-895d-aecc3e54cc37,midday.ink,available,1.75,26.08,high,low,6,spaceship,,,29/09/2026 22:44
a3d2c8c9-139b-4a4f-8a01-edd50ed51962,saddam.ink,available,2.99,65.99,medium,low,6,name.com,,,25/09/2026 23:11
1d807bc6-dbe8-4a59-820d-918c0d198244,defensive.ink,available,2.98,43.98,high,low,9,namecheap,,,13/08/2026 23:15
68a0dad6-dca6-42d1-b194-0799e0f9b64f,counting.ink,available,2.98,43.98,high,low,8,namecheap,,,25/09/2026 04:26
d18d613d-a279-4f3c-a34d-e6f4f062e5b8,diehards.ink,available,2.99,32.49,medium,low,8,namesilo,,,20/09/2026 23:29
e6b41a13-f9ba-486a-853a-8a529c10aee2,first.ink,premium,116,116,high,medium,5,namesilo,,,21/09/2026 12:11
995ecc96-2de4-4f16-92f0-c4346a9bc9f9,modifications.ink,available,25.2,25.2,medium,low,13,cloudflare,,,30/09/2026 23:18
7ae53768-24ef-43a7-9389-f879045a0c17,tails.ink,available,1.75,26.08,high,low,5,spaceship,,,29/09/2026 16:50
5c33cecb-5dd5-4e67-857d-e6d532bb1a16,immunology.ink,available,2,26.97,high,low,10,dynadot,,,30/09/2026 01:58
bf7db031-0a65-4b26-89f9-a6594c4c2bd5,incentive.ink,available,1.75,26.08,high,low,9,spaceship,,,29/09/2026 23:44
55815c25-9dd8-404b-a9d1-fdce69c12d7e,poisoned.ink,available,2.99,32.49,medium,low,8,namesilo,,,27/09/2026 17:38
999c5834-f8ea-487a-a4c3-71c14bd23be3,explicitly.ink,available,2.98,43.98,medium,low,10,namecheap,,,14/09/2026 17:07
31b7ec1c-e717-45da-88b6-fadc5d5ec38e,elizabethtown.ink,available,1.75,26.08,medium,low,13,spaceship,,,01/10/2026 12:15
aa116cf3-861e-42cc-bc3b-efb79004f5ce,engorge.ink,available,2.99,32.49,medium,low,7,namesilo,,,23/09/2026 17:25
c9e4d967-7e5d-4663-9b1e-bd451437ca97,hallway.ink,available,2.99,32.49,high,low,7,namesilo,,,28/09/2026 05:56
e8758706-6f04-4f54-9c34-c369c8c7ab02,isometric.ink,available,2.98,43.98,high,low,9,namecheap,,,22/08/2026 11:10
1517f6d1-5b81-4621-9b5f-023425af6ca6,risked.ink,available,2.99,32.49,medium,low,6,namesilo,,,30/09/2026 00:38
38eb1783-8716-4484-8c1b-9564e768160b,bawbee.ink,available,2.99,32.49,medium,low,6,namesilo,,,22/09/2026 16:46
0b792a7e-b6ca-418c-b252-155bc0573094,clouded.ink,available,2.98,43.98,medium,low,7,namecheap,,,12/08/2026 12:27
e85986cb-f81a-4b41-9607-6db9b80a08cc,undyed.ink,available,2.98,43.98,medium,low,6,namecheap,,,12/09/2026 02:08
cf65a6cf-f803-4f09-81fe-10196bf043b4,hiram.ink,available,2.98,43.98,medium,low,5,namecheap,,,27/09/2026 19:47
d3726b88-1c92-4831-9ce3-1641933ecb15,amorpha.ink,available,2.99,32.49,medium,low,7,namesilo,,,18/09/2026 22:43
b75e28f5-78a8-4111-b0c8-a5ec9c65df5c,accidentally.ink,available,2.99,32.49,medium,low,12,namesilo,,,28/09/2026 03:20
1074b0c2-3571-4424-86ba-54b928e1f705,dive.ink,resell,,,high,low,4,"Spaceship, Inc.",08/06/2026 18:53,08/06/2027 18:53,29/09/2026 16:23
9fce8649-a7a1-4acc-b1b7-95f863320917,towns.ink,available,2.99,32.49,high,low,5,namesilo,,,28/09/2026 07:32
16b76348-870a-44e0-8f32-1f19822817b0,fairs.ink,available,2.99,32.49,high,low,5,namesilo,,,
626a2b47-3e40-42f8-8a8e-3545d116c512,burgos.ink,available,25.2,25.2,medium,low,6,cloudflare,,,29/09/2026 09:52
826732f3-eec3-4b87-8bf1-3ca7536095b5,bangkok.ink,premium,325,325,high,low,7,namecheap,,,22/09/2026 01:48
fdff3e83-931c-4eb1-9fe4-e58a3d78153c,chalybeate.ink,available,2.98,43.98,medium,low,10,namecheap,,,12/08/2026 01:32
465360fb-b071-4aed-a322-984e3eb0e340,violated.ink,available,2.99,32.49,medium,low,8,namesilo,,,27/09/2026 07:04
642c8b73-1676-4a3d-83fb-9c6f548a8adb,accuse.ink,available,2.99,32.49,medium,low,6,namesilo,,,29/09/2026 02:41
7738ce61-b94a-49ab-8139-22c311b5f41e,plantation.ink,available,1.75,26.08,high,low,10,spaceship,,,28/09/2026 06:31
218e813b-8616-49ab-935c-81a489def5c4,arrival.ink,available,2.99,32.49,high,low,7,namesilo,,,20/09/2026 09:13
4bf4ef23-11be-4ea8-89e1-817664f29402,ozarks.ink,available,1.75,26.08,medium,low,6,spaceship,,,01/10/2026 03:12
86946e02-dde7-4502-85e7-c57d29e92cba,broiled.ink,available,2.98,43.98,medium,low,7,namecheap,,,11/08/2026 05:19
80012049-b1c2-48c7-9b91-2646b07e7c6a,stalls.ink,available,2.98,43.98,medium,low,6,namecheap,,,10/09/2026 17:59
556aa585-ee57-453f-8552-95243ec642ce,elise.ink,premium,,,medium,low,5,,,,28/09/2026 21:52
52789801-2f70-4f3a-aadb-8aa17bd05f97,adaptor.ink,available,2.99,32.49,high,low,7,namesilo,,,17/09/2026 06:32
168f2c2b-3b36-431c-9536-df22b3280757,arauca.ink,available,2.99,32.49,medium,low,6,namesilo,,,20/09/2026 00:22
c6f8172e-a656-4dcb-ba37-32468ab23694,resides.ink,available,2.99,49.99,medium,low,7,godaddy,,,01/10/2026 00:01
63e619d9-7bcc-443a-9c2b-a6f7436181b1,bracelet.ink,available,2.99,32.49,high,low,8,namesilo,,,22/09/2026 01:56
b64441b6-17f8-4e68-80c9-0d253d847c37,introduction.ink,available,2.99,32.49,high,low,12,namesilo,,,25/09/2026 11:11
ba76f531-dbfe-4c82-9b5a-228bfbb1dee7,alertly.ink,available,2.98,43.98,medium,low,7,namecheap,,,13/09/2026 18:40
2df1cc7a-361d-4768-b1c5-3bd8475d0920,reign.ink,resell,,,high,medium,5,Dynadot Inc,04/02/2026 00:01,04/02/2027 00:01,26/09/2026 08:34
ddf45a79-0987-45ec-aa97-dd93b3faa339,pattison.ink,available,25.2,25.2,medium,low,8,cloudflare,,,01/10/2026 10:31
7d583a4d-ddf3-4542-bfa8-efdc875ae770,jowly.ink,available,2.98,43.98,medium,low,5,namecheap,,,14/08/2026 16:48
411ae636-8a05-440d-8c50-f7432d7c0180,anaxagoras.ink,available,2.98,43.98,medium,low,10,namecheap,,,19/09/2026 03:36
40b4639f-0d9c-4d90-8161-864b2ff29089,lodge.ink,available,2.99,32.49,high,low,5,namesilo,,,28/09/2026 23:14
f227b51e-b738-473e-b63c-8e6ecf268179,amoeboid.ink,available,2.98,43.98,medium,low,8,namecheap,,,
1355c6d3-76be-41e9-854e-81edd83c78d8,refrigerator.ink,available,2.99,32.49,high,low,12,namesilo,,,01/10/2026 01:17
74079ec0-54cd-4559-a255-b421b5eb820d,warming.ink,available,2.98,43.98,high,low,7,namecheap,,,11/08/2026 14:09
1905f211-5a4a-41c8-8b62-bd2c3688d2db,exploded.ink,available,2.98,43.98,medium,low,8,namecheap,,,17/08/2026 18:28
8cdefd44-8c36-4b64-ab64-5df551fc488f,shave.ink,available,2.98,43.98,high,low,5,namecheap,,,08/09/2026 20:41
f0deddfa-c5fa-4bb3-9e20-f7077c24ee52,sweeps.ink,available,2.99,32.49,medium,low,6,namesilo,,,18/09/2026 07:58
a0b54029-0d95-4388-a1b6-0cf0c9e3157d,streamlined.ink,available,2.99,32.49,high,low,11,namesilo,,,01/10/2026 06:16
777ed815-aa8d-4970-827d-8c91edace231,blooded.ink,available,2.98,43.98,high,low,7,namecheap,,,10/08/2026 15:18
504b5f6e-f5b1-4b37-87b3-72bb6ea2f0e1,infant.ink,available,1.75,26.08,high,low,6,spaceship,,,29/09/2026 00:05
35004e0e-550a-47dc-96ca-9e80895eeadf,lymphatic.ink,available,2.98,43.98,medium,low,9,namecheap,,,24/08/2026 12:33
6e8360d7-d1ca-45c7-b426-af47d9373939,somme.ink,available,2.99,32.49,medium,low,5,namesilo,,,22/09/2026 16:09
523a39e9-d5a1-49cb-ad1b-627800156df9,unobserved.ink,available,2.98,43.98,medium,low,10,namecheap,,,12/09/2026 16:04
e9b27b97-106a-41ba-bbe7-2d40e34f3ad6,crushed.ink,available,2.98,43.98,high,low,7,namecheap,,,13/08/2026 09:11
4beda8bc-1ccb-41f3-8b1c-562b8329992d,blotto.ink,available,2.98,43.98,low,low,6,namecheap,,,09/08/2026 15:32
fdd10e5e-6f67-413a-bc80-0827bf33b5a4,resilient.ink,available,2.98,43.98,high,low,9,namecheap,,,10/08/2026 21:47
03e7301e-7c03-46e8-a091-0844dd8da8ce,sleeps.ink,available,2.99,32.49,medium,low,6,namesilo,,,28/09/2026 13:22
c2615968-b65f-4fc4-9ebd-616c4952e994,relative.ink,available,2.98,43.98,high,low,8,namecheap,,,12/08/2026 21:33
59c85606-101e-4027-901e-6bbabe2a05ef,backless.ink,available,2.98,43.98,medium,low,8,namecheap,,,08/08/2026 05:48
ae08947a-0d74-4a97-8e54-1250278062d2,churchill.ink,available,2,26.97,medium,low,9,dynadot,,,28/09/2026 18:44
4fe4f9ff-01ea-4e48-a9d8-0d87033c1710,spattered.ink,available,2.99,65.99,medium,low,9,name.com,,,13/08/2026 15:15
a8bf175d-4111-4552-b3c5-763175ad83bc,ninety.ink,available,2.98,43.98,high,low,6,namecheap,,,
04ebc6fd-4888-4971-9701-d1a85fafcebd,acth.ink,available,2.99,32.49,medium,low,4,namesilo,,,17/09/2026 04:25
400960f1-6dfe-4092-a102-eb1b09837aeb,trippingly.ink,available,2.98,43.98,medium,low,10,namecheap,,,15/09/2026 11:20
b9a6079a-75bf-462b-82eb-ec2a5f35d052,eminently.ink,available,2.98,43.98,medium,low,9,namecheap,,,14/09/2026 15:19
48e8969a-92c2-4943-9f12-2a2b74f92f5a,semen.ink,available,1.75,26.08,medium,low,5,spaceship,,,29/09/2026 18:24
3e4207b1-e396-4602-94db-e8f2e6d50f76,outfits.ink,available,1.75,26.08,medium,low,7,spaceship,,,28/09/2026 23:41
9d897297-ca86-41ec-8234-1f22d2195409,quantico.ink,available,2,26.97,medium,low,8,dynadot,,,01/10/2026 11:25
36d70666-aa31-4361-be5b-5bacf8377863,sinners.ink,available,2.99,,medium,low,7,name.com,,,
a6a38619-6606-42f3-b371-d475bf418467,venal.ink,available,2.98,43.98,medium,low,5,namecheap,,,11/08/2026 03:46
446eb63e-5602-49d2-92a2-f9781462d2e2,lichens.ink,available,1.75,26.08,low,low,7,spaceship,,,29/09/2026 05:48
53df7c40-ecbc-4b51-9363-fecaba57c83b,dehydrated.ink,available,2.98,43.98,medium,low,10,namecheap,,,14/08/2026 00:06
779a4aec-1884-4231-969d-a825eb21db6d,unlovable.ink,available,2.98,43.98,medium,low,9,namecheap,,,12/09/2026 15:08
67845b21-ca27-40b1-975f-9b062fe642c8,crummy.ink,available,2.98,43.98,medium,low,6,namecheap,,,11/08/2026 09:02
07311e4e-0c44-4345-aac6-7278bdb6dcc2,prompting.ink,available,2.99,32.49,high,low,9,namesilo,,,27/09/2026 07:31
a8c55456-34e8-44dd-893b-b3553ddd4054,vern.ink,available,25.2,25.2,medium,low,4,cloudflare,,,30/09/2026 22:22
deb4f680-dbd7-48ba-b588-2b36c1bcd255,vocation.ink,available,2.99,32.49,high,low,8,namesilo,,,30/09/2026 16:34
73b4ab9e-59ba-46c1-9cc1-3b14716567e9,muttering.ink,available,2.98,43.98,medium,low,9,namecheap,,,03/09/2026 11:14
996b66df-6e60-43d6-a628-ca2ea34c141a,entranced.ink,available,2.98,43.98,medium,low,9,namecheap,,,09/08/2026 10:11
70383bdf-880a-463a-b2db-2e105f78e042,checked.ink,available,2.98,43.98,high,low,7,namecheap,,,12/08/2026 03:36
2f6d035c-8d52-4865-aede-4e5c659773c7,hubert.ink,available,2.99,32.49,medium,low,6,namesilo,,,25/09/2026 16:58
08ba781c-3e6a-4883-9c22-0608836f9cfb,surveying.ink,available,1.75,26.08,high,low,9,spaceship,,,01/10/2026 03:58
866dc25c-1742-44c3-8b76-67454637a236,colonized.ink,available,2.98,43.98,medium,low,9,namecheap,,,12/08/2026 17:23
6d98b6de-89d5-4027-b676-03b80e671b7e,scarf.ink,available,2.06,26.26,high,low,5,porkbun,,,28/09/2026 20:23
05be48fa-7d87-48b6-8f00-16be5ba9cdbf,bifocal.ink,available,2.98,43.98,medium,low,7,namecheap,,,09/08/2026 20:03
0b302328-d8e3-4188-bdde-0b988ff10da5,exorcism.ink,available,2.99,32.49,medium,low,8,namesilo,,,02/10/2026 04:46
5ba86344-db43-4119-abce-cc65aa4664f6,nascar.ink,available,2.99,32.49,high,low,6,namesilo,,,29/09/2026 03:51
09d6c894-ebc2-452b-b759-b80c440172b3,convolve.ink,available,2.98,43.98,medium,low,8,namecheap,,,13/08/2026 00:01
84e875f4-0e7c-4508-b381-1446a88eaf1f,empowering.ink,available,2.99,32.49,high,low,10,namesilo,,,02/10/2026 01:02
01b34327-30f0-4616-9c41-9a28f7b124b0,normalization.ink,available,1.75,26.08,medium,low,13,spaceship,,,29/09/2026 09:26
0ce8b5ee-e373-4724-9cee-75b616de0cbe,because.ink,available,1.75,26.08,high,low,7,spaceship,,,30/09/2026 21:38
fbe839c0-c9fc-46e7-b025-0c292afb0bf8,affaire.ink,available,2.99,32.49,medium,low,7,namesilo,,,17/09/2026 14:00
da05eca3-19dd-424c-9b94-b04e40b9d21e,suspect.ink,available,2.06,26.26,high,low,7,porkbun,,,28/09/2026 02:06
c758151d-3e67-48b0-a121-c5a649bb41dc,smatter.ink,available,2.98,43.98,medium,low,7,namecheap,,,24/09/2026 04:48
51a97b70-12b1-461e-aafc-70d03ccba401,foamy.ink,available,2.98,43.98,high,low,5,namecheap,,,11/08/2026 07:20
43ada73b-ee23-426f-a165-fbfbf6de12d2,celibate.ink,available,2.98,43.98,high,low,8,namecheap,,,11/08/2026 23:25
47b96c2f-c8b0-472a-a57b-7f90ec5e24bc,indulgent.ink,available,2.98,43.98,high,low,9,namecheap,,,22/08/2026 03:33
6083c31f-c2c5-45be-b268-9c8688282505,uncontrollable.ink,available,2.99,,medium,low,14,name.com,,,
8477ee29-0308-4151-b237-fe3452c78923,adaptable.ink,available,2.99,32.49,high,low,9,namesilo,,,21/09/2026 16:52
763f7788-1be4-41aa-8941-11fc6be0cf65,dashboard.ink,resell,,,high,medium,9,,,,30/09/2026 16:56
f9ff665c-528a-4a2d-a991-6194702d4158,rubble.ink,available,1.75,26.08,medium,low,6,spaceship,,,28/09/2026 18:54
7d828ece-5369-4151-90d8-070e94197282,refused.ink,available,2.99,32.49,medium,low,7,namesilo,,,18/09/2026 13:40
84c31480-13b7-40b6-a92f-a1cf8d0c0de4,moravian.ink,available,2.98,43.98,high,low,8,namecheap,,,25/08/2026 06:14
84184c5a-50a4-434d-9589-e96117b6445c,influences.ink,available,2.99,32.49,medium,low,10,namesilo,,,30/09/2026 07:02
26277a63-ec14-499d-9710-f83a9817fe0e,expressly.ink,available,2.98,43.98,high,low,9,namecheap,,,14/09/2026 17:09
62b0e41a-ef89-4516-b9c1-fbd379f496f5,windflower.ink,available,2.98,43.98,high,low,10,namecheap,,,19/09/2026 05:19
2f95388a-03fd-4786-96d1-5739bbe346e1,unsound.ink,available,2.99,32.49,medium,low,7,namesilo,,,24/09/2026 16:24
d2293079-2880-4792-a2f6-db699ef64ae4,desoto.ink,available,1.75,26.08,medium,low,6,spaceship,,,02/10/2026 01:03
fdfa1819-2cb5-4f56-90d4-3ca39f2eeccd,clinging.ink,available,2.99,32.49,medium,low,8,namesilo,,,30/09/2026 19:49
de8ae904-e80e-4d9b-8087-112820cf0e7a,destructive.ink,available,2.99,32.49,medium,low,11,namesilo,,,30/09/2026 23:46
0d1eb52b-4c5a-48df-a6d2-bb845d9b5be5,carnot.ink,available,25.2,25.2,medium,low,6,cloudflare,,,02/10/2026 04:17
9d557dd9-ed86-491c-a9a6-100e1a5ebb5f,marshfield.ink,available,1.75,26.08,medium,low,10,spaceship,,,02/10/2026 01:13
fdc81672-afd8-414e-86bb-ba8767c93a4b,boston.ink,premium,832,832,high,low,6,namesilo,,,29/09/2026 01:41
f82a544c-b36d-461c-9c8e-19ad4edbde01,zimbabwean.ink,available,2.98,43.98,high,low,10,namecheap,,,13/09/2026 15:19
1ce03298-9c99-457e-a5db-a2d309a48493,invaders.ink,available,1.75,26.08,medium,low,8,spaceship,,,30/09/2026 00:36
5f50a690-b812-4c87-a636-e514076a3c28,alpinia.ink,available,2.99,32.49,medium,low,7,namesilo,,,18/09/2026 14:02
f8a21b29-e441-4c3b-9662-965ef4f4889d,initiator.ink,available,25.2,25.2,high,low,9,cloudflare,,,29/09/2026 13:07
225c678a-1b72-46cc-b3f5-74f2886bb81e,imprecise.ink,available,2.98,43.98,medium,low,9,namecheap,,,21/08/2026 23:00
2a238b30-58b3-4131-9da4-41e94274b4a6,until.ink,available,2.99,32.49,medium,low,5,namesilo,,,01/10/2026 00:53
8867b000-3636-47eb-b5cd-04529399acb1,tending.ink,available,2.98,43.98,high,low,7,namecheap,,,11/09/2026 11:15
e62786d4-07ed-408c-8cf9-f97b18b24c3f,servo.ink,available,2.98,43.98,high,low,5,namecheap,,,10/09/2026 04:57
4751ac52-45e3-46ce-9124-4b069164d1b7,spanish.ink,available,25.2,25.2,high,low,7,cloudflare,,,28/09/2026 00:05
a6c68f8e-6602-4380-96ad-5da32ae48e57,hvac.ink,available,1.75,26.08,high,low,4,spaceship,,,30/09/2026 23:38
0b979743-0108-4133-874e-61c21de16b0f,mornings.ink,available,2.99,32.49,high,low,8,namesilo,,,20/09/2026 04:12
93372112-b3db-42a4-ab5c-d885688494f8,wheezy.ink,available,2.98,43.98,medium,low,6,namecheap,,,07/08/2026 09:31
93bc4a57-7ec9-415b-8456-d7f0a409b0cf,curvaceous.ink,available,2.98,43.98,medium,low,10,namecheap,,,10/08/2026 20:30
c806480e-2f07-4a8b-8380-9c79111e3e03,solitary.ink,available,2.98,43.98,high,low,8,namecheap,,,24/08/2026 08:55
306f2990-51aa-43ff-9dd8-be987f2464c4,stands.ink,available,2.99,,medium,low,6,name.com,,,
3ebd3853-7969-44d2-9a52-eeffca0242e2,floors.ink,available,2,26.97,medium,low,6,dynadot,,,27/09/2026 22:02
97c74628-29d0-4069-af99-a2acc9579c3a,indira.ink,available,2.98,43.98,medium,low,6,namecheap,,,29/09/2026 22:36
8442abbe-5947-43a4-83a2-51aec283802d,frankly.ink,available,2.98,43.98,high,low,7,namecheap,,,14/09/2026 05:08
d73708ad-3166-4cb0-94ba-15d60addb3fb,hygiene.ink,available,25.2,25.2,high,low,7,cloudflare,,,29/09/2026 01:19
236e052d-b138-429e-b970-2280b38f85d8,jocund.ink,available,2.98,43.98,medium,low,6,namecheap,,,22/08/2026 13:40
e53f65c5-a99f-46c3-a27c-a996c9a0b366,greatly.ink,available,2.99,32.49,high,low,7,namesilo,,,28/09/2026 15:04
f1d9916e-5df4-4dc2-a722-923bec7e0460,richness.ink,available,2.99,32.49,high,low,8,namesilo,,,17/09/2026 14:41
accfdaf9-73d4-496a-9654-b6c43dd8fad3,microbial.ink,available,2.98,43.98,medium,low,9,namecheap,,,08/09/2026 09:41
b9152c0b-9105-429d-a756-8e960da7586e,reclusive.ink,available,2.98,43.98,medium,low,9,namecheap,,,09/09/2026 11:40
d94e6313-cca9-4322-9c11-2452e4c77b76,stretcher.ink,available,1.75,26.08,high,low,9,spaceship,,,30/09/2026 16:46
6050060e-45b9-400e-97d0-33974510d665,syracuse.ink,available,1.75,26.08,high,low,8,spaceship,,,29/09/2026 20:20
3c8b888b-b009-4eaa-abd9-65db3afea51b,centralised.ink,available,2,26.97,high,low,11,dynadot,,,02/10/2026 01:46
df7cad02-41d8-4277-9d76-56059c88acb5,hormone.ink,available,2.98,43.98,high,low,7,namecheap,,,17/08/2026 01:04
ff2350b5-dcd6-40f8-8b30-ed144a21a08a,hassium.ink,available,2.99,32.49,medium,low,7,namesilo,,,20/09/2026 22:10
e27dfd3c-211c-49f5-8aaa-d7578f8a54ee,tia.ink,resell,,,high,low,3,,,,29/09/2026 20:30
8cd47430-29b8-4cfd-a54c-ee4b7a1a9f06,mistake.ink,available,2.99,32.49,high,low,7,namesilo,,,25/09/2026 05:40
7c7c8b38-eb78-47c5-a7fc-99689dc865bc,persuasive.ink,available,2.98,43.98,high,low,10,namecheap,,,08/09/2026 18:05
721d982c-9507-4b41-83f7-1dfbbe9fc7f6,unafraid.ink,available,2.98,43.98,high,low,8,namecheap,,,10/09/2026 01:28
4237feda-13ec-49ed-ac28-1ded1fa61505,filtering.ink,available,1.75,26.08,medium,low,9,spaceship,,,30/09/2026 23:23
2453f281-b3c0-46ef-8f6f-a284a26b5595,unveiled.ink,available,2.98,43.98,high,low,8,namecheap,,,12/09/2026 22:05
4a3bc6cd-a809-49ac-96fe-7e9710f18ccb,sunglass.ink,available,2,26.97,high,low,8,dynadot,,,30/09/2026 12:22
6dcb517d-efd4-4004-b8eb-3bd9735babed,akan.ink,available,2.99,32.49,high,low,4,namesilo,,,17/09/2026 23:50
a6c6c716-58e1-4c4c-b44d-a63f044bcab6,trait.ink,available,2.99,32.49,high,low,5,namesilo,,,29/09/2026 08:15
566e3f38-6e80-493e-b205-61e18fc1036f,modernist.ink,available,2.99,32.49,high,low,9,namesilo,,,27/09/2026 04:47
21ca063a-6b49-4f19-a4bc-fa69142b703c,spontaneously.ink,available,2.99,32.49,medium,low,13,namesilo,,,30/09/2026 11:58
f0935d2c-7963-4fb8-ad25-ca18ca0924e1,alembic.ink,available,2.99,32.49,medium,low,7,namesilo,,,18/09/2026 05:10
20a3149d-9e14-41b1-9b00-7e685736516c,viennese.ink,available,2.98,43.98,high,low,8,namecheap,,,13/09/2026 05:30
2b71f3f1-6641-4929-ab9f-aac8770fcc1c,perforate.ink,available,2.98,43.98,high,low,9,namecheap,,,08/09/2026 16:54
e02df1a9-0883-43d6-852d-964dfb1bf33b,inr.ink,premium,116,116,high,low,3,namesilo,,,02/10/2026 04:11
075ba594-0e1d-4d60-bc86-af40768f2d9a,martini.ink,available,1.75,26.08,high,low,7,spaceship,,,28/09/2026 14:50
693d7388-cfa2-4c79-8239-5e94fb63af82,lager.ink,available,2.99,49.99,high,low,5,godaddy,,,30/09/2026 01:47
0036b319-671b-40f8-9aad-1d812594f01f,holotype.ink,available,2.99,32.49,high,low,8,namesilo,,,25/09/2026 23:08
ec0e348b-1ad8-404a-ad51-2e186ff74f54,indonesians.ink,available,2.99,32.49,medium,low,11,namesilo,,,02/10/2026 02:56
f74cd4c1-2dc7-419b-879c-30b05cca85e4,magnetic.ink,premium,162.5,325,high,low,8,namecheap,,,12/08/2026 02:32
d941eab2-9e8a-45ac-a034-146673475f70,athletics.ink,available,2.99,32.49,high,medium,9,namesilo,,,28/09/2026 22:59
070cc032-6aae-4922-956f-33785ffcec93,banished.ink,available,2,26.97,medium,low,8,dynadot,,,29/09/2026 16:26
81116d70-9073-4e27-b0a1-dfd7d9cefdc8,predicted.ink,available,2,26.97,medium,low,9,dynadot,,,28/09/2026 23:02
9fd27250-c83d-41f1-b5e7-a5b3c68d6d4f,collections.ink,available,2.99,32.49,medium,low,11,namesilo,,,17/09/2026 22:06
7797b1ca-3a35-4dbd-b40a-ad4b3eb5db3a,steadfast.ink,available,2.99,32.49,high,medium,9,namesilo,,,19/09/2026 14:16
91f63580-1b3e-421d-97a8-2b54211ebdc2,gabor.ink,available,2.98,43.98,high,low,5,namecheap,,,02/10/2026 04:34
7751d2fa-8585-469d-ae91-1bd964bc7d26,pearse.ink,available,2.99,32.49,medium,low,6,namesilo,,,02/10/2026 01:53
50a47c26-0bdd-487e-991b-d359f8541b11,backbench.ink,available,2.98,43.98,medium,low,9,namecheap,,,21/09/2026 15:00
4019f1c3-453c-48fe-9221-57f1c0b23d59,broadwise.ink,available,2.98,43.98,medium,low,9,namecheap,,,14/09/2026 01:26
3b0a381d-d196-497d-8cd5-37388a0a0ab6,absorbance.ink,available,2.98,43.98,high,low,10,namecheap,,,16/09/2026 18:11
58089dc2-c3b9-4808-83a5-e791bb4fffd5,englishman.ink,available,25.2,25.2,high,low,10,cloudflare,,,29/09/2026 12:12
3899dfda-1174-45ab-9727-af02b2a63e12,topology.ink,available,2.99,32.49,high,low,8,namesilo,,,19/09/2026 01:59
4d2db6c9-acfd-4af3-b04c-7a43e74e3709,aloft.ink,available,2.98,43.98,medium,low,5,namecheap,,,13/09/2026 19:10
0e52f45d-23d1-4de7-9c9a-39a10e07d0b8,unhinged.ink,available,2.98,43.98,medium,low,8,namecheap,,,11/08/2026 01:52
8edb050a-7c18-4cb5-b506-b6a7a02559b9,sulphur.ink,available,2.99,32.49,medium,low,7,namesilo,,,20/09/2026 22:29